"Company","State","Final Category","Confidence","Rationale","Reviewed By","Priority Band","Last Activity","Assigned To"
"Diligence Security Group","CA","RVM_CAPABLE","MEDIUM","Generic security-related name - infrastructure fit likely but model unclear","AI (unreviewed)","P1 - Sun Belt + Strong Signal","4/24/2026","Will (P1)"
"Remote Ally","CA","NOT_FIT","LOW","Name provides insufficient signal - manual review needed","AI (unreviewed)","P1 - Sun Belt + Strong Signal","3/20/2026","Will (P1)"
"J & M Security Solutions","NC","RVM_CAPABLE","MEDIUM","Generic security-related name - infrastructure fit likely but model unclear","AI (unreviewed)","P1 - Sun Belt + Strong Signal","3/19/2026","Will (P1)"
"Apollo Security","CA","RVM_CAPABLE","MEDIUM","Generic security-related name - infrastructure fit likely but model unclear","AI (unreviewed)","P1 - Sun Belt + Strong Signal","3/18/2026","Will (P1)"
"Owen Security Solutions Inc.","GA","RVM_CAPABLE","MEDIUM","Generic security-related name - infrastructure fit likely but model unclear","AI (unreviewed)","P1 - Sun Belt + Strong Signal","2/6/2026","Will (P1)"
"Reed Brothers Security","CA","RVM_CAPABLE","MEDIUM","Generic security-related name - infrastructure fit likely but model unclear","AI (unreviewed)","P1 - Sun Belt + Strong Signal","11/3/2025","Will (P1)"
"BIT Pros Fire Services","CA","RVM_CAPABLE","LOW","Generic tech/services name - business model unclear manual review needed","AI (unreviewed)","P1 - Sun Belt + Strong Signal","10/21/2025","Will (P1)"
"RAE Security","TX","RVM_CAPABLE","MEDIUM","Generic security-related name - infrastructure fit likely but model unclear","AI (unreviewed)","P1 - Sun Belt + Strong Signal","10/21/2025","Will (P1)"
"Famian Private Security","CA","RVM_CAPABLE","MEDIUM","Generic security-related name - infrastructure fit likely but model unclear","AI (unreviewed)","P1 - Sun Belt + Strong Signal","9/26/2025","Will (P1)"
"Security Information Systems","FL","RVM_CAPABLE","MEDIUM","Generic security-related name - infrastructure fit likely but model unclear","AI (unreviewed)","P1 - Sun Belt + Strong Signal","9/8/2025","Will (P1)"
"West Coast Fire","CA","NOT_FIT","LOW","Name provides insufficient signal - manual review needed","AI (unreviewed)","P1 - Sun Belt + Strong Signal","7/21/2025","Will (P1)"
"Mission Protection Services","CA","RVM_CAPABLE","MEDIUM","Generic security-related name - infrastructure fit likely but model unclear","AI (unreviewed)","P1 - Sun Belt + Strong Signal","7/21/2025","Will (P1)"
"Abc Security Service","CA","RVM_CAPABLE","MEDIUM","Generic security-related name - infrastructure fit likely but model unclear","AI (unreviewed)","P1 - Sun Belt + Strong Signal","7/3/2025","Will (P1)"
"Global Security Management Agency","CA","RVM_CAPABLE","MEDIUM","Generic security-related name - infrastructure fit likely but model unclear","AI (unreviewed)","P1 - Sun Belt + Strong Signal","6/30/2025","Will (P1)"
"Facilities Protection Systems","CA","RVM_CAPABLE","MEDIUM","Generic security-related name - infrastructure fit likely but model unclear","AI (unreviewed)","P1 - Sun Belt + Strong Signal","6/26/2025","Will (P1)"
"Global Security Concepts","CA","RVM_CAPABLE","MEDIUM","Generic security-related name - infrastructure fit likely but model unclear","AI (unreviewed)","P1 - Sun Belt + Strong Signal","6/20/2025","Will (P1)"
"Construction Monitor","UT","NOT_FIT","LOW","Name provides insufficient signal - manual review needed","AI (unreviewed)","P1 - Sun Belt + Strong Signal","6/20/2025","Will (P1)"
"Express Security Technologies","FL","RVM_CAPABLE","MEDIUM","Generic security-related name - infrastructure fit likely but model unclear","AI (unreviewed)","P1 - Sun Belt + Strong Signal","6/10/2025","Will (P1)"
"Security Operations & Solutions","FL","RVM_CAPABLE","MEDIUM","Generic security-related name - infrastructure fit likely but model unclear","AI (unreviewed)","P1 - Sun Belt + Strong Signal","6/9/2025","Will (P1)"
"TAC Security","CA","RVM_CAPABLE","MEDIUM","Generic security-related name - infrastructure fit likely but model unclear","AI (unreviewed)","P1 - Sun Belt + Strong Signal","6/9/2025","Will (P1)"
"Terminal Security Solutions","CA","RVM_CAPABLE","MEDIUM","Generic security-related name - infrastructure fit likely but model unclear","AI (unreviewed)","P1 - Sun Belt + Strong Signal","6/9/2025","Will (P1)"
"Platinum Group Security","FL","RVM_CAPABLE","MEDIUM","Generic security-related name - infrastructure fit likely but model unclear","AI (unreviewed)","P1 - Sun Belt + Strong Signal","6/9/2025","Will (P1)"
"Robotics Security","FL","RVM_CAPABLE","MEDIUM","Generic security-related name - infrastructure fit likely but model unclear","AI (unreviewed)","P1 - Sun Belt + Strong Signal","6/9/2025","Will (P1)"
"BOS Security","GA","RVM_CAPABLE","MEDIUM","Generic security-related name - infrastructure fit likely but model unclear","AI (unreviewed)","P1 - Sun Belt + Strong Signal","6/9/2025","Will (P1)"
"Reel Security Corp.","CA","RVM_CAPABLE","MEDIUM","Generic security-related name - infrastructure fit likely but model unclear","AI (unreviewed)","P1 - Sun Belt + Strong Signal","6/3/2025","Will (P1)"
"Security Safe Co.","FL","RVM_CAPABLE","MEDIUM","Generic security-related name - infrastructure fit likely but model unclear","AI (unreviewed)","P1 - Sun Belt + Strong Signal","6/2/2025","Will (P1)"
"Security Protection Industries LLC","FL","RVM_CAPABLE","MEDIUM","Generic security-related name - infrastructure fit likely but model unclear","AI (unreviewed)","P1 - Sun Belt + Strong Signal","6/2/2025","Will (P1)"
"Brothers Security","CA","RVM_CAPABLE","MEDIUM","Generic security-related name - infrastructure fit likely but model unclear","AI (unreviewed)","P1 - Sun Belt + Strong Signal","6/2/2025","Will (P1)"
"Paramount Security","FL","RVM_CAPABLE","MEDIUM","Generic security-related name - infrastructure fit likely but model unclear","AI (unreviewed)","P1 - Sun Belt + Strong Signal","6/2/2025","Will (P1)"
"American Eagle Protective Services","CA","RVM_CAPABLE","MEDIUM","Generic security-related name - infrastructure fit likely but model unclear","AI (unreviewed)","P1 - Sun Belt + Strong Signal","6/2/2025","Will (P1)"
"US Alliance Management Corp. dba US Security","FL","RVM_CAPABLE","MEDIUM","Generic security-related name - infrastructure fit likely but model unclear","AI (unreviewed)","P1 - Sun Belt + Strong Signal","5/29/2025","Will (P1)"
"Security Surveillance Systems Ltd (SSS) dba SSS Group","CO","RVM_PUREPLAY","MEDIUM","Name suggests video surveillance focus - confirm monitoring vs install-only","AI (unreviewed)","P1 - Sun Belt + Strong Signal","5/29/2025","Will (P1)"
"Giddens Security Corp.","FL","RVM_CAPABLE","MEDIUM","Generic security-related name - infrastructure fit likely but model unclear","AI (unreviewed)","P1 - Sun Belt + Strong Signal","5/28/2025","Will (P1)"
"Overton Security Services","CA","RVM_CAPABLE","MEDIUM","Generic security-related name - infrastructure fit likely but model unclear","AI (unreviewed)","P1 - Sun Belt + Strong Signal","5/27/2025","Will (P1)"
"American Security Force","CA","RVM_CAPABLE","MEDIUM","Generic security-related name - infrastructure fit likely but model unclear","AI (unreviewed)","P1 - Sun Belt + Strong Signal","5/27/2025","Will (P1)"
"Ontel Security Services","CA","RVM_CAPABLE","MEDIUM","Generic security-related name - infrastructure fit likely but model unclear","AI (unreviewed)","P1 - Sun Belt + Strong Signal","5/27/2025","Will (P1)"
"Safe Harbor Access Systems","SC","RVM_CAPABLE","MEDIUM","Generic security-related name - infrastructure fit likely but model unclear","AI (unreviewed)","P1 - Sun Belt + Strong Signal","5/23/2025","Will (P1)"
"Intelligence Security LLC","CA","RVM_CAPABLE","MEDIUM","Generic security-related name - infrastructure fit likely but model unclear","AI (unreviewed)","P1 - Sun Belt + Strong Signal","5/19/2025","Will (P1)"
"General Security Service","CA","RVM_CAPABLE","MEDIUM","Generic security-related name - infrastructure fit likely but model unclear","AI (unreviewed)","P1 - Sun Belt + Strong Signal","5/12/2025","Will (P1)"
"CP Security Group","GA","RVM_CAPABLE","MEDIUM","Generic security-related name - infrastructure fit likely but model unclear","AI (unreviewed)","P1 - Sun Belt + Strong Signal","5/7/2025","Will (P1)"
"Security Force Inc","NC","RVM_CAPABLE","MEDIUM","Generic security-related name - infrastructure fit likely but model unclear","AI (unreviewed)","P1 - Sun Belt + Strong Signal","4/13/2025","Will (P1)"
"Electronic Protection Systems","FL","RVM_CAPABLE","MEDIUM","Generic security-related name - infrastructure fit likely but model unclear","AI (unreviewed)","P1 - Sun Belt + Strong Signal","4/13/2025","Will (P1)"
"Maximum Audio Video","FL","NOT_FIT","LOW","Name provides insufficient signal - manual review needed","AI (unreviewed)","P1 - Sun Belt + Strong Signal","4/13/2025","Will (P1)"
"1st Security & Sound","CA","RVM_CAPABLE","MEDIUM","Generic security-related name - infrastructure fit likely but model unclear","AI (unreviewed)","P1 - Sun Belt + Strong Signal","4/10/2025","Will (P1)"
"Citadel Security Inc","CA","RVM_CAPABLE","MEDIUM","Generic security-related name - infrastructure fit likely but model unclear","AI (unreviewed)","P1 - Sun Belt + Strong Signal","4/10/2025","Will (P1)"
"FPI Security Services Inc","FL","RVM_CAPABLE","MEDIUM","Generic security-related name - infrastructure fit likely but model unclear","AI (unreviewed)","P1 - Sun Belt + Strong Signal","4/10/2025","Will (P1)"
"Arizona Precision Security","AZ","RVM_CAPABLE","MEDIUM","Generic security-related name - infrastructure fit likely but model unclear","AI (unreviewed)","P1 - Sun Belt + Strong Signal","4/10/2025","Will (P1)"
"Guardian Protection Force","CA","RVM_CAPABLE","MEDIUM","Generic security-related name - infrastructure fit likely but model unclear","AI (unreviewed)","P1 - Sun Belt + Strong Signal","3/24/2025","Will (P1)"
"Impact Security","GA","RVM_CAPABLE","MEDIUM","Generic security-related name - infrastructure fit likely but model unclear","AI (unreviewed)","P1 - Sun Belt + Strong Signal","3/24/2025","Will (P1)"
"Legacy Security","GA","RVM_CAPABLE","MEDIUM","Generic security-related name - infrastructure fit likely but model unclear","AI (unreviewed)","P1 - Sun Belt + Strong Signal","3/21/2025","Will (P1)"
"ACS Fire & Security","FL","RVM_CAPABLE","MEDIUM","Generic security-related name - infrastructure fit likely but model unclear","AI (unreviewed)","P1 - Sun Belt + Strong Signal","3/20/2025","Will (P1)"
"Dyezz Surveillance and Security","TX","RVM_CAPABLE","MEDIUM","Generic security-related name - infrastructure fit likely but model unclear","AI (unreviewed)","P1 - Sun Belt + Strong Signal","3/20/2025","Will (P1)"
"Master Video Systems Inc","TX","RVM_CAPABLE","LOW","Generic tech/services name - business model unclear manual review needed","AI (unreviewed)","P1 - Sun Belt + Strong Signal","3/20/2025","Will (P1)"
"IVIS Security","TX","RVM_CAPABLE","MEDIUM","Generic security-related name - infrastructure fit likely but model unclear","AI (unreviewed)","P1 - Sun Belt + Strong Signal","3/18/2025","Will (P1)"
"Next Security Corp","FL","RVM_CAPABLE","MEDIUM","Generic security-related name - infrastructure fit likely but model unclear","AI (unreviewed)","P1 - Sun Belt + Strong Signal","3/12/2025","Will (P1)"
"Access Fire and Security","TX","RVM_CAPABLE","MEDIUM","Generic security-related name - infrastructure fit likely but model unclear","AI (unreviewed)","P1 - Sun Belt + Strong Signal","3/12/2025","Will (P1)"
"Modular Security and Controls","FL","RVM_CAPABLE","MEDIUM","Generic security-related name - infrastructure fit likely but model unclear","AI (unreviewed)","P1 - Sun Belt + Strong Signal","3/12/2025","Will (P1)"
"Bryant Security Corp.","FL","RVM_CAPABLE","MEDIUM","Generic security-related name - infrastructure fit likely but model unclear","AI (unreviewed)","P1 - Sun Belt + Strong Signal","3/12/2025","Will (P1)"
"Southwest Automated Security","TX","RVM_CAPABLE","MEDIUM","Generic security-related name - infrastructure fit likely but model unclear","AI (unreviewed)","P1 - Sun Belt + Strong Signal","3/12/2025","Will (P1)"
"L&B Commercial Security","GA","RVM_CAPABLE","MEDIUM","Generic security-related name - infrastructure fit likely but model unclear","AI (unreviewed)","P1 - Sun Belt + Strong Signal","3/12/2025","Will (P1)"
"Security People","CA","RVM_CAPABLE","MEDIUM","Generic security-related name - infrastructure fit likely but model unclear","AI (unreviewed)","P1 - Sun Belt + Strong Signal","3/10/2025","Will (P1)"
"Barbier Security Group","CA","RVM_CAPABLE","MEDIUM","Generic security-related name - infrastructure fit likely but model unclear","AI (unreviewed)","P1 - Sun Belt + Strong Signal","3/10/2025","Will (P1)"
"Steadfast Security","CA","RVM_CAPABLE","MEDIUM","Generic security-related name - infrastructure fit likely but model unclear","AI (unreviewed)","P1 - Sun Belt + Strong Signal","3/10/2025","Will (P1)"
"INTERCEPT SECURITY","CA","RVM_CAPABLE","MEDIUM","Generic security-related name - infrastructure fit likely but model unclear","AI (unreviewed)","P1 - Sun Belt + Strong Signal","3/10/2025","Will (P1)"
"Twin City Security","TX","RVM_CAPABLE","MEDIUM","Generic security-related name - infrastructure fit likely but model unclear","AI (unreviewed)","P1 - Sun Belt + Strong Signal","3/10/2025","Will (P1)"
"Culpepper & Associates Security Services","GA","RVM_CAPABLE","MEDIUM","Generic security-related name - infrastructure fit likely but model unclear","AI (unreviewed)","P1 - Sun Belt + Strong Signal","3/10/2025","Will (P1)"
"Advantage Security","CO","RVM_CAPABLE","MEDIUM","Generic security-related name - infrastructure fit likely but model unclear","AI (unreviewed)","P1 - Sun Belt + Strong Signal","3/10/2025","Will (P1)"
"CrimeTek Security","CA","RVM_CAPABLE","MEDIUM","Generic security-related name - infrastructure fit likely but model unclear","AI (unreviewed)","P1 - Sun Belt + Strong Signal","3/10/2025","Will (P1)"
"Private Sector Security","CA","RVM_CAPABLE","MEDIUM","Generic security-related name - infrastructure fit likely but model unclear","AI (unreviewed)","P1 - Sun Belt + Strong Signal","3/10/2025","Will (P1)"
"Stone Security","UT","RVM_CAPABLE","MEDIUM","Generic security-related name - infrastructure fit likely but model unclear","AI (unreviewed)","P1 - Sun Belt + Strong Signal","3/10/2025","Will (P1)"
"Integrated Security Solutions Inc","CA","RVM_CAPABLE","MEDIUM","Generic security-related name - infrastructure fit likely but model unclear","AI (unreviewed)","P1 - Sun Belt + Strong Signal","3/7/2025","Will (P1)"
"DNA Security Services LLC","TX","RVM_CAPABLE","MEDIUM","Generic security-related name - infrastructure fit likely but model unclear","AI (unreviewed)","P1 - Sun Belt + Strong Signal","3/7/2025","Will (P1)"
"Pro Security Group","TX","RVM_CAPABLE","MEDIUM","Generic security-related name - infrastructure fit likely but model unclear","AI (unreviewed)","P1 - Sun Belt + Strong Signal","3/6/2025","Will (P1)"
"Security and Communications Cabling Co","TN","RVM_CAPABLE","MEDIUM","Generic security-related name - infrastructure fit likely but model unclear","AI (unreviewed)","P1 - Sun Belt + Strong Signal","3/5/2025","Will (P1)"
"Security and Access Systems","NM","RVM_CAPABLE","MEDIUM","Generic security-related name - infrastructure fit likely but model unclear","AI (unreviewed)","P1 - Sun Belt + Strong Signal","3/5/2025","Will (P1)"
"Texas Fire & Communications","TX","NOT_FIT","LOW","Name provides insufficient signal - manual review needed","AI (unreviewed)","P1 - Sun Belt + Strong Signal","3/5/2025","Will (P1)"
"Amer-X Security Inc.","AZ","RVM_CAPABLE","MEDIUM","Generic security-related name - infrastructure fit likely but model unclear","AI (unreviewed)","P1 - Sun Belt + Strong Signal","3/3/2025","Will (P1)"
"Carolina Video Security","NC","RVM_PUREPLAY","MEDIUM","Name suggests video surveillance focus - confirm monitoring vs install-only","AI (unreviewed)","P1 - Sun Belt + Strong Signal","3/3/2025","Will (P1)"
"ACG Security Solutions","GA","RVM_CAPABLE","MEDIUM","Generic security-related name - infrastructure fit likely but model unclear","AI (unreviewed)","P1 - Sun Belt + Strong Signal","3/3/2025","Will (P1)"
"Electronic Security Solutions","GA","RVM_CAPABLE","MEDIUM","Generic security-related name - infrastructure fit likely but model unclear","AI (unreviewed)","P1 - Sun Belt + Strong Signal","3/3/2025","Will (P1)"
"Security Engineering","FL","RVM_CAPABLE","MEDIUM","Generic security-related name - infrastructure fit likely but model unclear","AI (unreviewed)","P1 - Sun Belt + Strong Signal","3/3/2025","Will (P1)"
"ProTech Fire & Security","TX","RVM_CAPABLE","MEDIUM","Generic security-related name - infrastructure fit likely but model unclear","AI (unreviewed)","P1 - Sun Belt + Strong Signal","3/3/2025","Will (P1)"
"Fedora Security","NC","RVM_CAPABLE","MEDIUM","Generic security-related name - infrastructure fit likely but model unclear","AI (unreviewed)","P1 - Sun Belt + Strong Signal","3/3/2025","Will (P1)"
"A Plus Security","TX","RVM_CAPABLE","MEDIUM","Generic security-related name - infrastructure fit likely but model unclear","AI (unreviewed)","P1 - Sun Belt + Strong Signal","3/3/2025","Will (P1)"
"Harmon Security Group","OK","RVM_CAPABLE","MEDIUM","Generic security-related name - infrastructure fit likely but model unclear","AI (unreviewed)","P1 - Sun Belt + Strong Signal","3/3/2025","Will (P1)"
"A Team Security","CA","RVM_CAPABLE","MEDIUM","Generic security-related name - infrastructure fit likely but model unclear","AI (unreviewed)","P1 - Sun Belt + Strong Signal","3/3/2025","Will (P1)"
"Regions Security Services","FL","RVM_CAPABLE","MEDIUM","Generic security-related name - infrastructure fit likely but model unclear","AI (unreviewed)","P1 - Sun Belt + Strong Signal","3/3/2025","Will (P1)"
"Hoffman Electronic Systems (HES) dba Hoffman Security","CA","RVM_CAPABLE","MEDIUM","Generic security-related name - infrastructure fit likely but model unclear","AI (unreviewed)","P1 - Sun Belt + Strong Signal","2/28/2025","Will (P1)"
"California Panther Security","CA","RVM_CAPABLE","MEDIUM","Generic security-related name - infrastructure fit likely but model unclear","AI (unreviewed)","P1 - Sun Belt + Strong Signal","2/28/2025","Will (P1)"
"Security Lines US","CA","RVM_CAPABLE","MEDIUM","Generic security-related name - infrastructure fit likely but model unclear","AI (unreviewed)","P1 - Sun Belt + Strong Signal","2/28/2025","Will (P1)"
"Lyons Security Services","CA","RVM_CAPABLE","MEDIUM","Generic security-related name - infrastructure fit likely but model unclear","AI (unreviewed)","P1 - Sun Belt + Strong Signal","2/28/2025","Will (P1)"
"Delta Fire & Security","CA","RVM_CAPABLE","MEDIUM","Generic security-related name - infrastructure fit likely but model unclear","AI (unreviewed)","P1 - Sun Belt + Strong Signal","2/28/2025","Will (P1)"
"Fire Team Security","CO","RVM_CAPABLE","MEDIUM","Generic security-related name - infrastructure fit likely but model unclear","AI (unreviewed)","P1 - Sun Belt + Strong Signal","2/28/2025","Will (P1)"
"Integrated Security Controls","CA","RVM_CAPABLE","MEDIUM","Generic security-related name - infrastructure fit likely but model unclear","AI (unreviewed)","P1 - Sun Belt + Strong Signal","2/28/2025","Will (P1)"
"Allstate Security Services","CA","RVM_CAPABLE","MEDIUM","Generic security-related name - infrastructure fit likely but model unclear","AI (unreviewed)","P1 - Sun Belt + Strong Signal","2/13/2025","Will (P1)"
"ROG Security","CA","RVM_CAPABLE","MEDIUM","Generic security-related name - infrastructure fit likely but model unclear","AI (unreviewed)","P1 - Sun Belt + Strong Signal","2/11/2025","Will (P1)"
"American Security Group","CA","RVM_CAPABLE","MEDIUM","Generic security-related name - infrastructure fit likely but model unclear","AI (unreviewed)","P1 - Sun Belt + Strong Signal","2/5/2025","Will (P1)"
"Colorado Security Products","CO","RVM_CAPABLE","MEDIUM","Generic security-related name - infrastructure fit likely but model unclear","AI (unreviewed)","P1 - Sun Belt + Strong Signal","1/27/2025","Will (P1)"
"Security Services Resource Firm","CO","RVM_CAPABLE","MEDIUM","Generic security-related name - infrastructure fit likely but model unclear","AI (unreviewed)","P1 - Sun Belt + Strong Signal","1/17/2025","Will (P1)"
"Security In Motion","NC","RVM_CAPABLE","MEDIUM","Generic security-related name - infrastructure fit likely but model unclear","AI (unreviewed)","P1 - Sun Belt + Strong Signal","1/16/2025","Will (P1)"
"VIP Protective Services","CA","RVM_CAPABLE","MEDIUM","Generic security-related name - infrastructure fit likely but model unclear","AI (unreviewed)","P1 - Sun Belt + Strong Signal","1/16/2025","Will (P1)"
"Denver Metro Protective Services","CO","RVM_CAPABLE","MEDIUM","Generic security-related name - infrastructure fit likely but model unclear","AI (unreviewed)","P1 - Sun Belt + Strong Signal","1/16/2025","Will (P1)"
"Alpine Vending And Video","CO","NOT_FIT","LOW","Name provides insufficient signal - manual review needed","AI (unreviewed)","P1 - Sun Belt + Strong Signal","1/3/2025","Will (P1)"
"RedRock Security & Cabling","CA","RVM_CAPABLE","MEDIUM","Generic security-related name - infrastructure fit likely but model unclear","AI (unreviewed)","P1 - Sun Belt + Strong Signal","11/11/2024","Will (P1)"
"Video Chat A Pro","TX","NOT_FIT","LOW","Name provides insufficient signal - manual review needed","AI (unreviewed)","P1 - Sun Belt + Strong Signal","9/17/2024","Will (P1)"
"Allied Protection Services","CA","RVM_CAPABLE","MEDIUM","Generic security-related name - infrastructure fit likely but model unclear","AI (unreviewed)","P1 - Sun Belt + Strong Signal","8/29/2024","Will (P1)"
"Apollo Security Group","AZ","RVM_CAPABLE","MEDIUM","Generic security-related name - infrastructure fit likely but model unclear","AI (unreviewed)","P1 - Sun Belt + Strong Signal","7/25/2024","Will (P1)"
"INTEC Video Systems","CA","RVM_CAPABLE","LOW","Generic tech/services name - business model unclear manual review needed","AI (unreviewed)","P1 - Sun Belt + Strong Signal","7/19/2024","Will (P1)"
"Light Source & Video Repair","FL","NOT_FIT","LOW","Name provides insufficient signal - manual review needed","AI (unreviewed)","P1 - Sun Belt + Strong Signal","7/19/2024","Will (P1)"
"Life Safety Designs","FL","RVM_CAPABLE","MEDIUM","Generic security-related name - infrastructure fit likely but model unclear","AI (unreviewed)","P1 - Sun Belt + Strong Signal","6/11/2024","Will (P1)"
"Fire Engineering & Consulting","TX","NOT_FIT","LOW","Name provides insufficient signal - manual review needed","AI (unreviewed)","P1 - Sun Belt + Strong Signal","6/11/2024","Will (P1)"
"Alpha Fire and Safety","SC","RVM_CAPABLE","MEDIUM","Generic security-related name - infrastructure fit likely but model unclear","AI (unreviewed)","P1 - Sun Belt + Strong Signal","5/16/2024","Will (P1)"
"Collins Fire & Safety","TX","RVM_CAPABLE","MEDIUM","Generic security-related name - infrastructure fit likely but model unclear","AI (unreviewed)","P1 - Sun Belt + Strong Signal","5/16/2024","Will (P1)"
"Delta Surveillance","TN","NOT_FIT","LOW","Name provides insufficient signal - manual review needed","AI (unreviewed)","P1 - Sun Belt + Strong Signal","1/15/2024","Will (P1)"
"Coastal Empire Fire & Security","GA","RVM_CAPABLE","MEDIUM","Generic security-related name - infrastructure fit likely but model unclear","AI (unreviewed)","P1 - Sun Belt + Strong Signal","10/11/2023","Will (P1)"
"S3 Security","FL","RVM_CAPABLE","MEDIUM","Generic security-related name - infrastructure fit likely but model unclear","AI (unreviewed)","P1 - Sun Belt + Strong Signal","9/12/2023","Will (P1)"
"Kingdom Security Limited Liability Company","TX","RVM_CAPABLE","MEDIUM","Generic security-related name - infrastructure fit likely but model unclear","AI (unreviewed)","P1 - Sun Belt + Strong Signal","8/28/2023","Will (P1)"
"Champion Fire & Security","TX","RVM_CAPABLE","MEDIUM","Generic security-related name - infrastructure fit likely but model unclear","AI (unreviewed)","P1 - Sun Belt + Strong Signal","8/15/2023","Will (P1)"
"Dillard Door & Security","TN","RVM_CAPABLE","MEDIUM","Generic security-related name - infrastructure fit likely but model unclear","AI (unreviewed)","P1 - Sun Belt + Strong Signal","7/26/2023","Will (P1)"
"Vortex Security Solutions","FL","RVM_CAPABLE","MEDIUM","Generic security-related name - infrastructure fit likely but model unclear","AI (unreviewed)","P1 - Sun Belt + Strong Signal","7/18/2023","Will (P1)"
"SafeTouch Security","FL","RVM_CAPABLE","MEDIUM","Generic security-related name - infrastructure fit likely but model unclear","AI (unreviewed)","P1 - Sun Belt + Strong Signal","4/5/2023","Will (P1)"
"OnView Integrated Solutions","CA","RVM_CAPABLE","LOW","Generic tech/services name - business model unclear manual review needed","AI (unreviewed)","P2 - Sun Belt + Moderate Signal","3/10/2026","Will (P2)"
"Controlled Key Systems","CA","RVM_CAPABLE","LOW","Generic tech/services name - business model unclear manual review needed","AI (unreviewed)","P2 - Sun Belt + Moderate Signal","2/19/2026","Will (P2)"
"Guardian Systems","TN","RVM_CAPABLE","LOW","Generic tech/services name - business model unclear manual review needed","AI (unreviewed)","P2 - Sun Belt + Moderate Signal","1/27/2026","Will (P2)"
"NCNS Communications","UT","NOT_FIT","LOW","Name provides insufficient signal - manual review needed","AI (unreviewed)","P2 - Sun Belt + Moderate Signal","12/12/2025","Will (P2)"
"High Tide Technologies","TN","RVM_CAPABLE","LOW","Generic tech/services name - business model unclear manual review needed","AI (unreviewed)","P2 - Sun Belt + Moderate Signal","11/29/2025","Will (P2)"
"ISO Network","GA","NOT_FIT","LOW","Name provides insufficient signal - manual review needed","AI (unreviewed)","P2 - Sun Belt + Moderate Signal","11/14/2025","Will (P2)"
"Southwest Integrated Solutions","AZ","RVM_CAPABLE","LOW","Generic tech/services name - business model unclear manual review needed","AI (unreviewed)","P2 - Sun Belt + Moderate Signal","11/1/2025","Will (P2)"
"ClearLine Networks","TN","NOT_FIT","LOW","Name provides insufficient signal - manual review needed","AI (unreviewed)","P2 - Sun Belt + Moderate Signal","9/26/2025","Will (P2)"
"Tech Control Systems","CA","RVM_CAPABLE","LOW","Generic tech/services name - business model unclear manual review needed","AI (unreviewed)","P2 - Sun Belt + Moderate Signal","9/25/2025","Will (P2)"
"Silverstrand Technologies INC","CA","RVM_CAPABLE","LOW","Generic tech/services name - business model unclear manual review needed","AI (unreviewed)","P2 - Sun Belt + Moderate Signal","8/21/2025","Will (P2)"
"MCM Integrated Systems","CA","RVM_CAPABLE","LOW","Generic tech/services name - business model unclear manual review needed","AI (unreviewed)","P2 - Sun Belt + Moderate Signal","6/20/2025","Will (P2)"
"Visioneers Integrated Systems Inc","CA","RVM_CAPABLE","LOW","Generic tech/services name - business model unclear manual review needed","AI (unreviewed)","P2 - Sun Belt + Moderate Signal","6/16/2025","Will (P2)"
"Renova Technology","GA","RVM_CAPABLE","LOW","Generic tech/services name - business model unclear manual review needed","AI (unreviewed)","P2 - Sun Belt + Moderate Signal","6/9/2025","Will (P2)"
"Techcore","TN","RVM_CAPABLE","LOW","Generic tech/services name - business model unclear manual review needed","AI (unreviewed)","P2 - Sun Belt + Moderate Signal","6/9/2025","Will (P2)"
"Interface Communications Company","CO","NOT_FIT","LOW","Name provides insufficient signal - manual review needed","AI (unreviewed)","P2 - Sun Belt + Moderate Signal","5/23/2025","Will (P2)"
"Automated Building Control Systems","LA","RVM_CAPABLE","LOW","Generic tech/services name - business model unclear manual review needed","AI (unreviewed)","P2 - Sun Belt + Moderate Signal","5/15/2025","Will (P2)"
"Engineering Systems Technology","FL","RVM_CAPABLE","LOW","Generic tech/services name - business model unclear manual review needed","AI (unreviewed)","P2 - Sun Belt + Moderate Signal","4/23/2025","Will (P2)"
"Invision Communications","FL","NOT_FIT","LOW","Name provides insufficient signal - manual review needed","AI (unreviewed)","P2 - Sun Belt + Moderate Signal","4/13/2025","Will (P2)"
"Data Network Systems","TN","RVM_CAPABLE","LOW","Generic tech/services name - business model unclear manual review needed","AI (unreviewed)","P2 - Sun Belt + Moderate Signal","4/10/2025","Will (P2)"
"D 3 Construction Services","CA","RVM_CAPABLE","LOW","Generic tech/services name - business model unclear manual review needed","AI (unreviewed)","P2 - Sun Belt + Moderate Signal","4/10/2025","Will (P2)"
"Multimedia Solutions","TX","RVM_CAPABLE","LOW","Generic tech/services name - business model unclear manual review needed","AI (unreviewed)","P2 - Sun Belt + Moderate Signal","3/31/2025","Will (P2)"
"Select Engineered Systems","FL","RVM_CAPABLE","LOW","Generic tech/services name - business model unclear manual review needed","AI (unreviewed)","P2 - Sun Belt + Moderate Signal","3/24/2025","Will (P2)"
"HQE Systems Inc","CA","RVM_CAPABLE","LOW","Generic tech/services name - business model unclear manual review needed","AI (unreviewed)","P2 - Sun Belt + Moderate Signal","3/20/2025","Will (P2)"
"Commercial Door Metal Systems Inc","CA","RVM_CAPABLE","LOW","Generic tech/services name - business model unclear manual review needed","AI (unreviewed)","P2 - Sun Belt + Moderate Signal","3/20/2025","Will (P2)"
"Cal Building Systems","CA","RVM_CAPABLE","LOW","Generic tech/services name - business model unclear manual review needed","AI (unreviewed)","P2 - Sun Belt + Moderate Signal","3/20/2025","Will (P2)"
"Buzz Services","TX","RVM_CAPABLE","LOW","Generic tech/services name - business model unclear manual review needed","AI (unreviewed)","P2 - Sun Belt + Moderate Signal","3/20/2025","Will (P2)"
"Coliant Solutions","GA","RVM_CAPABLE","LOW","Generic tech/services name - business model unclear manual review needed","AI (unreviewed)","P2 - Sun Belt + Moderate Signal","3/18/2025","Will (P2)"
"Progressive Technologies","TN","RVM_CAPABLE","LOW","Generic tech/services name - business model unclear manual review needed","AI (unreviewed)","P2 - Sun Belt + Moderate Signal","3/18/2025","Will (P2)"
"IoT Hybrid Solutions LLC","CA","RVM_CAPABLE","LOW","Generic tech/services name - business model unclear manual review needed","AI (unreviewed)","P2 - Sun Belt + Moderate Signal","3/18/2025","Will (P2)"
"Alert Tech","TX","RVM_CAPABLE","LOW","Generic tech/services name - business model unclear manual review needed","AI (unreviewed)","P2 - Sun Belt + Moderate Signal","3/12/2025","Will (P2)"
"Access Technology Systems","TX","RVM_CAPABLE","LOW","Generic tech/services name - business model unclear manual review needed","AI (unreviewed)","P2 - Sun Belt + Moderate Signal","3/12/2025","Will (P2)"
"Oculus Systems LLC","CO","RVM_CAPABLE","LOW","Generic tech/services name - business model unclear manual review needed","AI (unreviewed)","P2 - Sun Belt + Moderate Signal","3/10/2025","Will (P2)"
"Triton Global Services","CA","RVM_CAPABLE","LOW","Generic tech/services name - business model unclear manual review needed","AI (unreviewed)","P2 - Sun Belt + Moderate Signal","3/10/2025","Will (P2)"
"PCC Network Solutions","CA","RVM_CAPABLE","LOW","Generic tech/services name - business model unclear manual review needed","AI (unreviewed)","P2 - Sun Belt + Moderate Signal","3/6/2025","Will (P2)"
"Savannah Fence & Entry Systems","GA","RVM_CAPABLE","LOW","Generic tech/services name - business model unclear manual review needed","AI (unreviewed)","P2 - Sun Belt + Moderate Signal","3/6/2025","Will (P2)"
"Live Systems LLC","TX","RVM_CAPABLE","LOW","Generic tech/services name - business model unclear manual review needed","AI (unreviewed)","P2 - Sun Belt + Moderate Signal","3/5/2025","Will (P2)"
"Royce Integrated Solutions Inc","FL","RVM_CAPABLE","LOW","Generic tech/services name - business model unclear manual review needed","AI (unreviewed)","P2 - Sun Belt + Moderate Signal","3/5/2025","Will (P2)"
"Moore Electrical Contracting","CA","NOT_FIT","LOW","Name provides insufficient signal - manual review needed","AI (unreviewed)","P2 - Sun Belt + Moderate Signal","3/4/2025","Will (P2)"
"Business Improvement Technologies","NC","RVM_CAPABLE","LOW","Generic tech/services name - business model unclear manual review needed","AI (unreviewed)","P2 - Sun Belt + Moderate Signal","3/3/2025","Will (P2)"
"AJK Communications","CA","NOT_FIT","LOW","Name provides insufficient signal - manual review needed","AI (unreviewed)","P2 - Sun Belt + Moderate Signal","3/3/2025","Will (P2)"
"Touchton Electric & Alarms","KS","NOT_FIT","LOW","Name provides insufficient signal - manual review needed","AI (unreviewed)","P2 - Sun Belt + Moderate Signal","3/3/2025","Will (P2)"
"Az-tech Integrators","GA","RVM_CAPABLE","LOW","Generic tech/services name - business model unclear manual review needed","AI (unreviewed)","P2 - Sun Belt + Moderate Signal","3/3/2025","Will (P2)"
"Benco Systems","TX","RVM_CAPABLE","LOW","Generic tech/services name - business model unclear manual review needed","AI (unreviewed)","P2 - Sun Belt + Moderate Signal","3/3/2025","Will (P2)"
"Hawkview Solutions","TX","RVM_CAPABLE","LOW","Generic tech/services name - business model unclear manual review needed","AI (unreviewed)","P2 - Sun Belt + Moderate Signal","3/3/2025","Will (P2)"
"UCI - UNIFIED COMMUNICATIONS INTEGRATORS","CA","NOT_FIT","LOW","Name provides insufficient signal - manual review needed","AI (unreviewed)","P2 - Sun Belt + Moderate Signal","3/3/2025","Will (P2)"
"Enko Systems","CA","RVM_CAPABLE","LOW","Generic tech/services name - business model unclear manual review needed","AI (unreviewed)","P2 - Sun Belt + Moderate Signal","2/28/2025","Will (P2)"
"Conway Communications Inc","NV","NOT_FIT","LOW","Name provides insufficient signal - manual review needed","AI (unreviewed)","P2 - Sun Belt + Moderate Signal","2/25/2025","Will (P2)"
"Apex Integrated Systems","CO","RVM_CAPABLE","LOW","Generic tech/services name - business model unclear manual review needed","AI (unreviewed)","P2 - Sun Belt + Moderate Signal","2/24/2025","Will (P2)"
"VGI Technology","TX","RVM_CAPABLE","LOW","Generic tech/services name - business model unclear manual review needed","AI (unreviewed)","P2 - Sun Belt + Moderate Signal","1/24/2025","Will (P2)"
"Blue Knight Global Services","CA","RVM_CAPABLE","LOW","Generic tech/services name - business model unclear manual review needed","AI (unreviewed)","P2 - Sun Belt + Moderate Signal","1/23/2025","Will (P2)"
"Automatic Gate Systems","AZ","RVM_CAPABLE","LOW","Generic tech/services name - business model unclear manual review needed","AI (unreviewed)","P2 - Sun Belt + Moderate Signal","1/21/2025","Will (P2)"
"ProSec Integration","CO","NOT_FIT","LOW","Name provides insufficient signal - manual review needed","AI (unreviewed)","P2 - Sun Belt + Moderate Signal","1/17/2025","Will (P2)"
"USA Cabling & Technology Services","FL","RVM_CAPABLE","LOW","Generic tech/services name - business model unclear manual review needed","AI (unreviewed)","P2 - Sun Belt + Moderate Signal","12/18/2024","Will (P2)"
"Home Technology Solutions","NC","RVM_CAPABLE","LOW","Generic tech/services name - business model unclear manual review needed","AI (unreviewed)","P2 - Sun Belt + Moderate Signal","12/18/2024","Will (P2)"
"Communication Electronic Systems","NV","RVM_CAPABLE","LOW","Generic tech/services name - business model unclear manual review needed","AI (unreviewed)","P2 - Sun Belt + Moderate Signal","11/11/2024","Will (P2)"
"50 State Technology","FL","RVM_CAPABLE","LOW","Generic tech/services name - business model unclear manual review needed","AI (unreviewed)","P2 - Sun Belt + Moderate Signal","8/27/2024","Will (P2)"
"Doleac Electric","MS","NOT_FIT","LOW","Name provides insufficient signal - manual review needed","AI (unreviewed)","P2 - Sun Belt + Moderate Signal","7/19/2024","Will (P2)"
"Sinns & Thomas Electrical Contractors","FL","NOT_FIT","LOW","Name provides insufficient signal - manual review needed","AI (unreviewed)","P2 - Sun Belt + Moderate Signal","7/19/2024","Will (P2)"
"The Industrial Electric","NC","NOT_FIT","LOW","Name provides insufficient signal - manual review needed","AI (unreviewed)","P2 - Sun Belt + Moderate Signal","7/19/2024","Will (P2)"
"Interwest Electrical Sales","UT","NOT_FIT","LOW","Name provides insufficient signal - manual review needed","AI (unreviewed)","P2 - Sun Belt + Moderate Signal","6/14/2024","Will (P2)"
"Apache Electrical Contractors","AL","NOT_FIT","LOW","Name provides insufficient signal - manual review needed","AI (unreviewed)","P2 - Sun Belt + Moderate Signal","6/5/2024","Will (P2)"
"ComCo Systems","TX","RVM_CAPABLE","LOW","Generic tech/services name - business model unclear manual review needed","AI (unreviewed)","P2 - Sun Belt + Moderate Signal","5/15/2024","Will (P2)"
"David Pruitt Electrical","NC","NOT_FIT","LOW","Name provides insufficient signal - manual review needed","AI (unreviewed)","P2 - Sun Belt + Moderate Signal","5/6/2024","Will (P2)"
"Advanced Engineered Systems Corp.","FL","RVM_CAPABLE","LOW","Generic tech/services name - business model unclear manual review needed","AI (unreviewed)","P2 - Sun Belt + Moderate Signal","6/29/2023","Will (P2)"
"Grayson Pro-Tech","TX","RVM_CAPABLE","LOW","Generic tech/services name - business model unclear manual review needed","AI (unreviewed)","P2 - Sun Belt + Moderate Signal","4/26/2023","Will (P2)"
"Lanmor Services","AZ","RVM_CAPABLE","LOW","Generic tech/services name - business model unclear manual review needed","AI (unreviewed)","P2 - Sun Belt + Moderate Signal","4/18/2023","Will (P2)"
"I-Mag Video","TN","NOT_FIT","LOW","Name provides insufficient signal - manual review needed","AI (unreviewed)","P1 - Sun Belt + Strong Signal","9/6/2022","Will (P1)"
"Agren Blando Court Reporting & Video","CO","NOT_FIT","LOW","Name provides insufficient signal - manual review needed","AI (unreviewed)","P1 - Sun Belt + Strong Signal","10/4/2021","Will (P1)"
"Lone Star Security & Video","CA","RVM_CAPABLE","MEDIUM","Generic security-related name - infrastructure fit likely but model unclear","AI (unreviewed)","P1 - Sun Belt + Strong Signal","9/15/2021","Will (P1)"
"Zions Security Alarms","UT","RVM_CAPABLE","MEDIUM","Generic security-related name - infrastructure fit likely but model unclear","AI (unreviewed)","P1 - Sun Belt + Strong Signal","9/15/2021","Will (P1)"
"Construction Protective Services","CA","RVM_CAPABLE","MEDIUM","Generic security-related name - infrastructure fit likely but model unclear","AI (unreviewed)","P1 - Sun Belt + Strong Signal","9/15/2021","Will (P1)"
"Arkansas Security","AR","RVM_CAPABLE","MEDIUM","Generic security-related name - infrastructure fit likely but model unclear","AI (unreviewed)","P1 - Sun Belt + Strong Signal","9/15/2021","Will (P1)"
"Dial Security","CA","RVM_CAPABLE","MEDIUM","Generic security-related name - infrastructure fit likely but model unclear","AI (unreviewed)","P1 - Sun Belt + Strong Signal","9/15/2021","Will (P1)"
"M and J Video Communication","CA","NOT_FIT","LOW","Name provides insufficient signal - manual review needed","AI (unreviewed)","P1 - Sun Belt + Strong Signal","9/15/2021","Will (P1)"
"Urban Tactical Security","AZ","RVM_CAPABLE","MEDIUM","Generic security-related name - infrastructure fit likely but model unclear","AI (unreviewed)","P1 - Sun Belt + Strong Signal","9/15/2021","Will (P1)"
"A to Z Security and Sound","FL","RVM_CAPABLE","MEDIUM","Generic security-related name - infrastructure fit likely but model unclear","AI (unreviewed)","P1 - Sun Belt + Strong Signal","9/15/2021","Will (P1)"
"Surveillance Plus","FL","NOT_FIT","LOW","Name provides insufficient signal - manual review needed","AI (unreviewed)","P1 - Sun Belt + Strong Signal","9/15/2021","Will (P1)"
"Maximum Fire & Security","NC","RVM_CAPABLE","MEDIUM","Generic security-related name - infrastructure fit likely but model unclear","AI (unreviewed)","P1 - Sun Belt + Strong Signal","9/15/2021","Will (P1)"
"Golden State Reporting and Video","CA","NOT_FIT","LOW","Name provides insufficient signal - manual review needed","AI (unreviewed)","P1 - Sun Belt + Strong Signal","12/8/2020","Will (P1)"
"Access Security Technology","GA","RVM_CAPABLE","MEDIUM","Generic security-related name - infrastructure fit likely but model unclear","AI (unreviewed)","P1 - Sun Belt + Strong Signal","11/19/2020","Will (P1)"
"Pinnacle Security and Technology","FL","RVM_CAPABLE","MEDIUM","Generic security-related name - infrastructure fit likely but model unclear","AI (unreviewed)","P1 - Sun Belt + Strong Signal","4/21/2020","Will (P1)"
"Precision Camera & Video","TX","NOT_FIT","LOW","Name provides insufficient signal - manual review needed","AI (unreviewed)","P1 - Sun Belt + Strong Signal","6/24/2019","Will (P1)"
"Universal Surveillance Systems","CA","RVM_PUREPLAY","MEDIUM","Name suggests video surveillance focus - confirm monitoring vs install-only","AI (unreviewed)","P1 - Sun Belt + Strong Signal","9/4/2018","Will (P1)"
"United Security Products","CA","RVM_CAPABLE","MEDIUM","Generic security-related name - infrastructure fit likely but model unclear","AI (unreviewed)","P1 - Sun Belt + Strong Signal","5/16/2018","Will (P1)"
"Greater Bay Protective Services","CA","RVM_CAPABLE","MEDIUM","Generic security-related name - infrastructure fit likely but model unclear","AI (unreviewed)","P1 - Sun Belt + Strong Signal","","Will (P1)"
"Direct Protection","CA","RVM_CAPABLE","MEDIUM","Generic security-related name - infrastructure fit likely but model unclear","AI (unreviewed)","P1 - Sun Belt + Strong Signal","","Will (P1)"
"Colorado Security Co.","CO","RVM_CAPABLE","MEDIUM","Generic security-related name - infrastructure fit likely but model unclear","AI (unreviewed)","P1 - Sun Belt + Strong Signal","","Will (P1)"
"Colorado Video Productions","CO","NOT_FIT","LOW","Name provides insufficient signal - manual review needed","AI (unreviewed)","P1 - Sun Belt + Strong Signal","","Will (P1)"
"Green Valley Security","NV","RVM_CAPABLE","MEDIUM","Generic security-related name - infrastructure fit likely but model unclear","AI (unreviewed)","P1 - Sun Belt + Strong Signal","","Will (P1)"
"Maloney Security","CA","RVM_CAPABLE","MEDIUM","Generic security-related name - infrastructure fit likely but model unclear","AI (unreviewed)","P1 - Sun Belt + Strong Signal","","Will (P1)"
"Complete Home Security and Services","CA","RVM_CAPABLE","MEDIUM","Generic security-related name - infrastructure fit likely but model unclear","AI (unreviewed)","P1 - Sun Belt + Strong Signal","","Will (P1)"
"Executive Surveillance","CA","NOT_FIT","LOW","Name provides insufficient signal - manual review needed","AI (unreviewed)","P1 - Sun Belt + Strong Signal","","Will (P1)"
"Security First San Diego","CA","RVM_CAPABLE","MEDIUM","Generic security-related name - infrastructure fit likely but model unclear","AI (unreviewed)","P1 - Sun Belt + Strong Signal","","Will (P1)"
"Security Hologram","CA","RVM_CAPABLE","MEDIUM","Generic security-related name - infrastructure fit likely but model unclear","AI (unreviewed)","P1 - Sun Belt + Strong Signal","","Will (P1)"
"MPS Security","CA","RVM_CAPABLE","MEDIUM","Generic security-related name - infrastructure fit likely but model unclear","AI (unreviewed)","P1 - Sun Belt + Strong Signal","","Will (P1)"
"Security Solutions Network","CA","RVM_CAPABLE","MEDIUM","Generic security-related name - infrastructure fit likely but model unclear","AI (unreviewed)","P1 - Sun Belt + Strong Signal","","Will (P1)"
"SafeTight Security","CA","RVM_CAPABLE","MEDIUM","Generic security-related name - infrastructure fit likely but model unclear","AI (unreviewed)","P1 - Sun Belt + Strong Signal","","Will (P1)"
"Empower Security Contractors Corp.","CA","RVM_CAPABLE","MEDIUM","Generic security-related name - infrastructure fit likely but model unclear","AI (unreviewed)","P1 - Sun Belt + Strong Signal","","Will (P1)"
"Armor Bearer Protective Services","CA","RVM_CAPABLE","MEDIUM","Generic security-related name - infrastructure fit likely but model unclear","AI (unreviewed)","P1 - Sun Belt + Strong Signal","","Will (P1)"
"Max Security Inc.","CO","RVM_CAPABLE","MEDIUM","Generic security-related name - infrastructure fit likely but model unclear","AI (unreviewed)","P1 - Sun Belt + Strong Signal","","Will (P1)"
"ABC Security Service","CA","RVM_CAPABLE","MEDIUM","Generic security-related name - infrastructure fit likely but model unclear","AI (unreviewed)","P1 - Sun Belt + Strong Signal","","Will (P1)"
"Valley Fire and Security Alarms","CA","RVM_CAPABLE","MEDIUM","Generic security-related name - infrastructure fit likely but model unclear","AI (unreviewed)","P1 - Sun Belt + Strong Signal","","Will (P1)"
"The Security Station","CA","RVM_CAPABLE","MEDIUM","Generic security-related name - infrastructure fit likely but model unclear","AI (unreviewed)","P1 - Sun Belt + Strong Signal","","Will (P1)"
"Aca Security Svc","CO","RVM_CAPABLE","MEDIUM","Generic security-related name - infrastructure fit likely but model unclear","AI (unreviewed)","P1 - Sun Belt + Strong Signal","","Will (P1)"
"Shield Corps Security","CA","RVM_CAPABLE","MEDIUM","Generic security-related name - infrastructure fit likely but model unclear","AI (unreviewed)","P1 - Sun Belt + Strong Signal","","Will (P1)"
"Electronic Protection Systems","LA","RVM_CAPABLE","MEDIUM","Generic security-related name - infrastructure fit likely but model unclear","AI (unreviewed)","P1 - Sun Belt + Strong Signal","","Will (P1)"
"Ranch & Coast Security","CA","RVM_CAPABLE","MEDIUM","Generic security-related name - infrastructure fit likely but model unclear","AI (unreviewed)","P1 - Sun Belt + Strong Signal","","Will (P1)"
"National Security Works","CA","RVM_CAPABLE","MEDIUM","Generic security-related name - infrastructure fit likely but model unclear","AI (unreviewed)","P1 - Sun Belt + Strong Signal","","Will (P1)"
"Absolute Security & Personal Protection","CO","RVM_CAPABLE","MEDIUM","Generic security-related name - infrastructure fit likely but model unclear","AI (unreviewed)","P1 - Sun Belt + Strong Signal","","Will (P1)"
"AA Safe and Security Co.","CA","RVM_CAPABLE","MEDIUM","Generic security-related name - infrastructure fit likely but model unclear","AI (unreviewed)","P1 - Sun Belt + Strong Signal","","Will (P1)"
"CCTV Guys","CA","RVM_PUREPLAY","MEDIUM","Name suggests video surveillance focus - confirm monitoring vs install-only","AI (unreviewed)","P1 - Sun Belt + Strong Signal","","Will (P1)"
"DHS Private Security","CA","RVM_CAPABLE","MEDIUM","Generic security-related name - infrastructure fit likely but model unclear","AI (unreviewed)","P1 - Sun Belt + Strong Signal","","Will (P1)"
"Ultrasafe Security","CA","RVM_CAPABLE","MEDIUM","Generic security-related name - infrastructure fit likely but model unclear","AI (unreviewed)","P1 - Sun Belt + Strong Signal","","Will (P1)"
"Road Safety","CA","RVM_CAPABLE","MEDIUM","Generic security-related name - infrastructure fit likely but model unclear","AI (unreviewed)","P1 - Sun Belt + Strong Signal","","Will (P1)"
"Reliable Home Security","CO","RVM_CAPABLE","MEDIUM","Generic security-related name - infrastructure fit likely but model unclear","AI (unreviewed)","P1 - Sun Belt + Strong Signal","","Will (P1)"
"Kelex Security","CA","RVM_CAPABLE","MEDIUM","Generic security-related name - infrastructure fit likely but model unclear","AI (unreviewed)","P1 - Sun Belt + Strong Signal","","Will (P1)"
"Vortec Security Services","CA","RVM_CAPABLE","MEDIUM","Generic security-related name - infrastructure fit likely but model unclear","AI (unreviewed)","P1 - Sun Belt + Strong Signal","","Will (P1)"
"Corporate Security Service","CA","RVM_CAPABLE","MEDIUM","Generic security-related name - infrastructure fit likely but model unclear","AI (unreviewed)","P1 - Sun Belt + Strong Signal","","Will (P1)"
"GVI Security Solutions","TX","RVM_CAPABLE","MEDIUM","Generic security-related name - infrastructure fit likely but model unclear","AI (unreviewed)","P1 - Sun Belt + Strong Signal","","Will (P1)"
"National Protection Industries","CA","RVM_CAPABLE","MEDIUM","Generic security-related name - infrastructure fit likely but model unclear","AI (unreviewed)","P1 - Sun Belt + Strong Signal","","Will (P1)"
"WM Security Solutions","CA","RVM_CAPABLE","MEDIUM","Generic security-related name - infrastructure fit likely but model unclear","AI (unreviewed)","P1 - Sun Belt + Strong Signal","","Will (P1)"
"Video Security Solutions","CA","RVM_PUREPLAY","MEDIUM","Name suggests video surveillance focus - confirm monitoring vs install-only","AI (unreviewed)","P1 - Sun Belt + Strong Signal","","Will (P1)"
"Allspec Security","CA","RVM_CAPABLE","MEDIUM","Generic security-related name - infrastructure fit likely but model unclear","AI (unreviewed)","P1 - Sun Belt + Strong Signal","","Will (P1)"
"JDS Security Services","CA","RVM_CAPABLE","MEDIUM","Generic security-related name - infrastructure fit likely but model unclear","AI (unreviewed)","P1 - Sun Belt + Strong Signal","","Will (P1)"
"E. E. Armored Protection","GA","RVM_CAPABLE","MEDIUM","Generic security-related name - infrastructure fit likely but model unclear","AI (unreviewed)","P1 - Sun Belt + Strong Signal","","Will (P1)"
"Pro-Techs Security","CA","RVM_CAPABLE","MEDIUM","Generic security-related name - infrastructure fit likely but model unclear","AI (unreviewed)","P1 - Sun Belt + Strong Signal","","Will (P1)"
"Santa Cruz Video Security","CA","RVM_PUREPLAY","MEDIUM","Name suggests video surveillance focus - confirm monitoring vs install-only","AI (unreviewed)","P1 - Sun Belt + Strong Signal","","Will (P1)"
"JET Protect Corp.","CA","RVM_CAPABLE","MEDIUM","Generic security-related name - infrastructure fit likely but model unclear","AI (unreviewed)","P1 - Sun Belt + Strong Signal","","Will (P1)"
"Fidelity Security Services","CA","RVM_CAPABLE","MEDIUM","Generic security-related name - infrastructure fit likely but model unclear","AI (unreviewed)","P1 - Sun Belt + Strong Signal","","Will (P1)"
"Action Legal Video","FL","NOT_FIT","LOW","Name provides insufficient signal - manual review needed","AI (unreviewed)","P1 - Sun Belt + Strong Signal","","Will (P1)"
"Boyd Brothers Security","CA","RVM_CAPABLE","MEDIUM","Generic security-related name - infrastructure fit likely but model unclear","AI (unreviewed)","P1 - Sun Belt + Strong Signal","","Will (P1)"
"RSM Security","CA","RVM_CAPABLE","MEDIUM","Generic security-related name - infrastructure fit likely but model unclear","AI (unreviewed)","P1 - Sun Belt + Strong Signal","","Will (P1)"
"Comlock Security Group","CA","RVM_CAPABLE","MEDIUM","Generic security-related name - infrastructure fit likely but model unclear","AI (unreviewed)","P1 - Sun Belt + Strong Signal","","Will (P1)"
"Global Security Co-Operative Inc.","CA","RVM_CAPABLE","MEDIUM","Generic security-related name - infrastructure fit likely but model unclear","AI (unreviewed)","P1 - Sun Belt + Strong Signal","","Will (P1)"
"Safety Zone Security","CA","RVM_CAPABLE","MEDIUM","Generic security-related name - infrastructure fit likely but model unclear","AI (unreviewed)","P1 - Sun Belt + Strong Signal","","Will (P1)"
"Eagle Star Security","CA","RVM_CAPABLE","MEDIUM","Generic security-related name - infrastructure fit likely but model unclear","AI (unreviewed)","P1 - Sun Belt + Strong Signal","","Will (P1)"
"Black Box Security","CA","RVM_CAPABLE","MEDIUM","Generic security-related name - infrastructure fit likely but model unclear","AI (unreviewed)","P1 - Sun Belt + Strong Signal","","Will (P1)"
"Elite Defense Security Solutions","CA","RVM_CAPABLE","MEDIUM","Generic security-related name - infrastructure fit likely but model unclear","AI (unreviewed)","P1 - Sun Belt + Strong Signal","","Will (P1)"
"Creative Security Technology","CA","RVM_CAPABLE","MEDIUM","Generic security-related name - infrastructure fit likely but model unclear","AI (unreviewed)","P1 - Sun Belt + Strong Signal","","Will (P1)"
"BeAlarmed Security.","CA","RVM_CAPABLE","MEDIUM","Generic security-related name - infrastructure fit likely but model unclear","AI (unreviewed)","P1 - Sun Belt + Strong Signal","","Will (P1)"
"Northern Video Systems","CA","RVM_CAPABLE","LOW","Generic tech/services name - business model unclear manual review needed","AI (unreviewed)","P1 - Sun Belt + Strong Signal","","Will (P1)"
"Starbird Security Solutions","CA","RVM_CAPABLE","MEDIUM","Generic security-related name - infrastructure fit likely but model unclear","AI (unreviewed)","P1 - Sun Belt + Strong Signal","","Will (P1)"
"Alarmguard Security","NC","RVM_CAPABLE","MEDIUM","Generic security-related name - infrastructure fit likely but model unclear","AI (unreviewed)","P1 - Sun Belt + Strong Signal","","Will (P1)"
"Fireside Security Group","CA","RVM_CAPABLE","MEDIUM","Generic security-related name - infrastructure fit likely but model unclear","AI (unreviewed)","P1 - Sun Belt + Strong Signal","","Will (P1)"
"Firetrol Protection Systems","UT","RVM_CAPABLE","MEDIUM","Generic security-related name - infrastructure fit likely but model unclear","AI (unreviewed)","P1 - Sun Belt + Strong Signal","","Will (P1)"
"Buffalo Security","CO","RVM_CAPABLE","MEDIUM","Generic security-related name - infrastructure fit likely but model unclear","AI (unreviewed)","P1 - Sun Belt + Strong Signal","","Will (P1)"
"Monitor Closely","CA","NOT_FIT","LOW","Name provides insufficient signal - manual review needed","AI (unreviewed)","P1 - Sun Belt + Strong Signal","","Will (P1)"
"O'Linn Security Inc.","CA","RVM_CAPABLE","MEDIUM","Generic security-related name - infrastructure fit likely but model unclear","AI (unreviewed)","P1 - Sun Belt + Strong Signal","","Will (P1)"
"GC Security Design","CA","RVM_CAPABLE","MEDIUM","Generic security-related name - infrastructure fit likely but model unclear","AI (unreviewed)","P1 - Sun Belt + Strong Signal","","Will (P1)"
"Merit Security","CA","RVM_CAPABLE","MEDIUM","Generic security-related name - infrastructure fit likely but model unclear","AI (unreviewed)","P1 - Sun Belt + Strong Signal","","Will (P1)"
"Pro-Tech Security","MS","RVM_CAPABLE","MEDIUM","Generic security-related name - infrastructure fit likely but model unclear","AI (unreviewed)","P1 - Sun Belt + Strong Signal","","Will (P1)"
"Protection Alarms","CA","RVM_CAPABLE","MEDIUM","Generic security-related name - infrastructure fit likely but model unclear","AI (unreviewed)","P1 - Sun Belt + Strong Signal","","Will (P1)"
"Admiral Security Services","CA","RVM_CAPABLE","MEDIUM","Generic security-related name - infrastructure fit likely but model unclear","AI (unreviewed)","P1 - Sun Belt + Strong Signal","","Will (P1)"
"ICU Video Security","CA","RVM_PUREPLAY","MEDIUM","Name suggests video surveillance focus - confirm monitoring vs install-only","AI (unreviewed)","P1 - Sun Belt + Strong Signal","","Will (P1)"
"NT Security","GA","RVM_CAPABLE","MEDIUM","Generic security-related name - infrastructure fit likely but model unclear","AI (unreviewed)","P1 - Sun Belt + Strong Signal","","Will (P1)"
"All County Fire","CA","NOT_FIT","LOW","Name provides insufficient signal - manual review needed","AI (unreviewed)","P1 - Sun Belt + Strong Signal","","Will (P1)"
"Protection Services of California","CA","RVM_CAPABLE","MEDIUM","Generic security-related name - infrastructure fit likely but model unclear","AI (unreviewed)","P1 - Sun Belt + Strong Signal","","Will (P1)"
"HomeSync Security","CO","RVM_CAPABLE","MEDIUM","Generic security-related name - infrastructure fit likely but model unclear","AI (unreviewed)","P1 - Sun Belt + Strong Signal","","Will (P1)"
"Edifice Protection Group","LA","RVM_CAPABLE","MEDIUM","Generic security-related name - infrastructure fit likely but model unclear","AI (unreviewed)","P1 - Sun Belt + Strong Signal","","Will (P1)"
"Crime Alert Security","CA","RVM_CAPABLE","MEDIUM","Generic security-related name - infrastructure fit likely but model unclear","AI (unreviewed)","P1 - Sun Belt + Strong Signal","","Will (P1)"
"Gator Security","FL","RVM_CAPABLE","MEDIUM","Generic security-related name - infrastructure fit likely but model unclear","AI (unreviewed)","P1 - Sun Belt + Strong Signal","","Will (P1)"
"All Pro Security","CA","RVM_CAPABLE","MEDIUM","Generic security-related name - infrastructure fit likely but model unclear","AI (unreviewed)","P1 - Sun Belt + Strong Signal","","Will (P1)"
"PROTEC Security Alarms","CA","RVM_CAPABLE","MEDIUM","Generic security-related name - infrastructure fit likely but model unclear","AI (unreviewed)","P1 - Sun Belt + Strong Signal","","Will (P1)"
"Eclipse Security Inc","CO","RVM_CAPABLE","MEDIUM","Generic security-related name - infrastructure fit likely but model unclear","AI (unreviewed)","P1 - Sun Belt + Strong Signal","","Will (P1)"
"AX9 Security","CA","RVM_CAPABLE","MEDIUM","Generic security-related name - infrastructure fit likely but model unclear","AI (unreviewed)","P1 - Sun Belt + Strong Signal","","Will (P1)"
"Alliance Security Corp.","CA","RVM_CAPABLE","MEDIUM","Generic security-related name - infrastructure fit likely but model unclear","AI (unreviewed)","P1 - Sun Belt + Strong Signal","","Will (P1)"
"All Campus Security","TX","RVM_CAPABLE","MEDIUM","Generic security-related name - infrastructure fit likely but model unclear","AI (unreviewed)","P1 - Sun Belt + Strong Signal","","Will (P1)"
"Capitol City Security","CA","RVM_CAPABLE","MEDIUM","Generic security-related name - infrastructure fit likely but model unclear","AI (unreviewed)","P1 - Sun Belt + Strong Signal","","Will (P1)"
"Security Concepts","CO","RVM_CAPABLE","MEDIUM","Generic security-related name - infrastructure fit likely but model unclear","AI (unreviewed)","P1 - Sun Belt + Strong Signal","","Will (P1)"
"Allen Security","CA","RVM_CAPABLE","MEDIUM","Generic security-related name - infrastructure fit likely but model unclear","AI (unreviewed)","P1 - Sun Belt + Strong Signal","","Will (P1)"
"Alert Security Inc. ADT Authorized Dealer","CO","RVM_CAPABLE","MEDIUM","Generic security-related name - infrastructure fit likely but model unclear","AI (unreviewed)","P1 - Sun Belt + Strong Signal","","Will (P1)"
"Guardian Integrated Security","CA","RVM_CAPABLE","MEDIUM","Generic security-related name - infrastructure fit likely but model unclear","AI (unreviewed)","P1 - Sun Belt + Strong Signal","","Will (P1)"
"Mulholland Security Centers","CA","RVM_CAPABLE","MEDIUM","Generic security-related name - infrastructure fit likely but model unclear","AI (unreviewed)","P1 - Sun Belt + Strong Signal","","Will (P1)"
"CCTV Agent","FL","RVM_PUREPLAY","MEDIUM","Name suggests video surveillance focus - confirm monitoring vs install-only","AI (unreviewed)","P1 - Sun Belt + Strong Signal","","Will (P1)"
"Security USA Services","NM","RVM_CAPABLE","MEDIUM","Generic security-related name - infrastructure fit likely but model unclear","AI (unreviewed)","P1 - Sun Belt + Strong Signal","","Will (P1)"
"Jadtec Security Services","CA","RVM_CAPABLE","MEDIUM","Generic security-related name - infrastructure fit likely but model unclear","AI (unreviewed)","P1 - Sun Belt + Strong Signal","","Will (P1)"
"American Global Security","CA","RVM_CAPABLE","MEDIUM","Generic security-related name - infrastructure fit likely but model unclear","AI (unreviewed)","P1 - Sun Belt + Strong Signal","","Will (P1)"
"Affordable Video Surveillance Systems","CA","RVM_PUREPLAY","MEDIUM","Name suggests video surveillance focus - confirm monitoring vs install-only","AI (unreviewed)","P1 - Sun Belt + Strong Signal","","Will (P1)"
"American Safe Inc.","CA","RVM_CAPABLE","MEDIUM","Generic security-related name - infrastructure fit likely but model unclear","AI (unreviewed)","P1 - Sun Belt + Strong Signal","","Will (P1)"
"All Fire Services Inc","FL","RVM_CAPABLE","LOW","Generic tech/services name - business model unclear manual review needed","AI (unreviewed)","P1 - Sun Belt + Strong Signal","","Will (P1)"
"Sentry Products","CA","NOT_FIT","LOW","Name provides insufficient signal - manual review needed","AI (unreviewed)","P1 - Sun Belt + Strong Signal","","Will (P1)"
"Allied Consulting and Security Services","CA","RVM_CAPABLE","MEDIUM","Generic security-related name - infrastructure fit likely but model unclear","AI (unreviewed)","P1 - Sun Belt + Strong Signal","","Will (P1)"
"Vigilare Security Cameras","CA","RVM_PUREPLAY","MEDIUM","Name suggests video surveillance focus - confirm monitoring vs install-only","AI (unreviewed)","P1 - Sun Belt + Strong Signal","","Will (P1)"
"Smart Tech Security Solutions","CA","RVM_CAPABLE","MEDIUM","Generic security-related name - infrastructure fit likely but model unclear","AI (unreviewed)","P1 - Sun Belt + Strong Signal","","Will (P1)"
"CIB Security","CA","RVM_CAPABLE","MEDIUM","Generic security-related name - infrastructure fit likely but model unclear","AI (unreviewed)","P1 - Sun Belt + Strong Signal","","Will (P1)"
"Cameras Onsite","TX","NOT_FIT","LOW","Name provides insufficient signal - manual review needed","AI (unreviewed)","P1 - Sun Belt + Strong Signal","","Will (P1)"
"Warden Mobile Security","TX","RVM_CAPABLE","MEDIUM","Generic security-related name - infrastructure fit likely but model unclear","AI (unreviewed)","P1 - Sun Belt + Strong Signal","","Will (P1)"
"COR Security","CA","RVM_CAPABLE","MEDIUM","Generic security-related name - infrastructure fit likely but model unclear","AI (unreviewed)","P1 - Sun Belt + Strong Signal","","Will (P1)"
"Monere Security Solutions","CA","RVM_CAPABLE","MEDIUM","Generic security-related name - infrastructure fit likely but model unclear","AI (unreviewed)","P1 - Sun Belt + Strong Signal","","Will (P1)"
"Security By Design","CA","RVM_CAPABLE","MEDIUM","Generic security-related name - infrastructure fit likely but model unclear","AI (unreviewed)","P1 - Sun Belt + Strong Signal","","Will (P1)"
"Peninsula Security Services","CA","RVM_CAPABLE","MEDIUM","Generic security-related name - infrastructure fit likely but model unclear","AI (unreviewed)","P1 - Sun Belt + Strong Signal","","Will (P1)"
"Allied Security Alarms","CA","RVM_CAPABLE","MEDIUM","Generic security-related name - infrastructure fit likely but model unclear","AI (unreviewed)","P1 - Sun Belt + Strong Signal","","Will (P1)"
"Yadkin Fire and Safety","NC","RVM_CAPABLE","MEDIUM","Generic security-related name - infrastructure fit likely but model unclear","AI (unreviewed)","P1 - Sun Belt + Strong Signal","","Will (P1)"
"Westec Security","CA","RVM_CAPABLE","MEDIUM","Generic security-related name - infrastructure fit likely but model unclear","AI (unreviewed)","P1 - Sun Belt + Strong Signal","","Will (P1)"
"Beacon Security","CA","RVM_CAPABLE","MEDIUM","Generic security-related name - infrastructure fit likely but model unclear","AI (unreviewed)","P1 - Sun Belt + Strong Signal","","Will (P1)"
"Pinnacle Fire Systems","NC","RVM_CAPABLE","LOW","Generic tech/services name - business model unclear manual review needed","AI (unreviewed)","P1 - Sun Belt + Strong Signal","","Will (P1)"
"Advantage Security Plus","CA","RVM_CAPABLE","MEDIUM","Generic security-related name - infrastructure fit likely but model unclear","AI (unreviewed)","P1 - Sun Belt + Strong Signal","","Will (P1)"
"Polaris USA Video","GA","NOT_FIT","LOW","Name provides insufficient signal - manual review needed","AI (unreviewed)","P1 - Sun Belt + Strong Signal","","Will (P1)"
"Stryker Fire and Security","CA","RVM_CAPABLE","MEDIUM","Generic security-related name - infrastructure fit likely but model unclear","AI (unreviewed)","P1 - Sun Belt + Strong Signal","","Will (P1)"
"Surveillance Integration","CA","NOT_FIT","LOW","Name provides insufficient signal - manual review needed","AI (unreviewed)","P1 - Sun Belt + Strong Signal","","Will (P1)"
"Think Smart Security","CO","RVM_CAPABLE","MEDIUM","Generic security-related name - infrastructure fit likely but model unclear","AI (unreviewed)","P1 - Sun Belt + Strong Signal","","Will (P1)"
"S.D.M. Security Services","CA","RVM_CAPABLE","MEDIUM","Generic security-related name - infrastructure fit likely but model unclear","AI (unreviewed)","P1 - Sun Belt + Strong Signal","","Will (P1)"
"Digital Surveillance Solutions","TX","RVM_CAPABLE","LOW","Generic tech/services name - business model unclear manual review needed","AI (unreviewed)","P1 - Sun Belt + Strong Signal","","Will (P1)"
"Cybex Security Solutions","CA","RVM_CAPABLE","MEDIUM","Generic security-related name - infrastructure fit likely but model unclear","AI (unreviewed)","P1 - Sun Belt + Strong Signal","","Will (P1)"
"DECO International Security Corp.","FL","RVM_CAPABLE","MEDIUM","Generic security-related name - infrastructure fit likely but model unclear","AI (unreviewed)","P1 - Sun Belt + Strong Signal","","Will (P1)"
"Elevation Security LLC.","CO","RVM_CAPABLE","MEDIUM","Generic security-related name - infrastructure fit likely but model unclear","AI (unreviewed)","P1 - Sun Belt + Strong Signal","","Will (P1)"
"Unlimited Security Specialists","CA","RVM_CAPABLE","MEDIUM","Generic security-related name - infrastructure fit likely but model unclear","AI (unreviewed)","P1 - Sun Belt + Strong Signal","","Will (P1)"
"Security Design Systems","CA","RVM_CAPABLE","MEDIUM","Generic security-related name - infrastructure fit likely but model unclear","AI (unreviewed)","P1 - Sun Belt + Strong Signal","","Will (P1)"
"SEALs On Security","CA","RVM_CAPABLE","MEDIUM","Generic security-related name - infrastructure fit likely but model unclear","AI (unreviewed)","P1 - Sun Belt + Strong Signal","","Will (P1)"
"Highway Safety Devices","FL","RVM_CAPABLE","MEDIUM","Generic security-related name - infrastructure fit likely but model unclear","AI (unreviewed)","P1 - Sun Belt + Strong Signal","","Will (P1)"
"Property Security Services","CA","RVM_CAPABLE","MEDIUM","Generic security-related name - infrastructure fit likely but model unclear","AI (unreviewed)","P1 - Sun Belt + Strong Signal","","Will (P1)"
"Code 3 Corp. Security","CA","RVM_CAPABLE","MEDIUM","Generic security-related name - infrastructure fit likely but model unclear","AI (unreviewed)","P1 - Sun Belt + Strong Signal","","Will (P1)"
"D and D Video Specialists","OK","NOT_FIT","LOW","Name provides insufficient signal - manual review needed","AI (unreviewed)","P1 - Sun Belt + Strong Signal","","Will (P1)"
"Deep Valley Security","CA","RVM_CAPABLE","MEDIUM","Generic security-related name - infrastructure fit likely but model unclear","AI (unreviewed)","P1 - Sun Belt + Strong Signal","","Will (P1)"
"Presidential Security Services","CA","RVM_CAPABLE","MEDIUM","Generic security-related name - infrastructure fit likely but model unclear","AI (unreviewed)","P1 - Sun Belt + Strong Signal","","Will (P1)"
"Security Camera Installation Los Angeles","CA","RVM_PUREPLAY","MEDIUM","Name suggests video surveillance focus - confirm monitoring vs install-only","AI (unreviewed)","P1 - Sun Belt + Strong Signal","","Will (P1)"
"Prestige Security Service","CA","RVM_CAPABLE","MEDIUM","Generic security-related name - infrastructure fit likely but model unclear","AI (unreviewed)","P1 - Sun Belt + Strong Signal","","Will (P1)"
"Delta Protective Services","CA","RVM_CAPABLE","MEDIUM","Generic security-related name - infrastructure fit likely but model unclear","AI (unreviewed)","P1 - Sun Belt + Strong Signal","","Will (P1)"
"Datacom & Security Solutions Inc.","TX","RVM_CAPABLE","MEDIUM","Generic security-related name - infrastructure fit likely but model unclear","AI (unreviewed)","P1 - Sun Belt + Strong Signal","","Will (P1)"
"Next Protection","AZ","RVM_CAPABLE","MEDIUM","Generic security-related name - infrastructure fit likely but model unclear","AI (unreviewed)","P1 - Sun Belt + Strong Signal","","Will (P1)"
"Denver Protection Services","CO","RVM_CAPABLE","MEDIUM","Generic security-related name - infrastructure fit likely but model unclear","AI (unreviewed)","P1 - Sun Belt + Strong Signal","","Will (P1)"
"International Protective Service","NM","RVM_CAPABLE","MEDIUM","Generic security-related name - infrastructure fit likely but model unclear","AI (unreviewed)","P1 - Sun Belt + Strong Signal","","Will (P1)"
"Intelligence Security","CA","RVM_CAPABLE","MEDIUM","Generic security-related name - infrastructure fit likely but model unclear","AI (unreviewed)","P1 - Sun Belt + Strong Signal","","Will (P1)"
"Sonitrol Security Solutions","FL","RVM_CAPABLE","MEDIUM","Generic security-related name - infrastructure fit likely but model unclear","AI (unreviewed)","P1 - Sun Belt + Strong Signal","","Will (P1)"
"Surveillance Audio Video","CA","RVM_PUREPLAY","MEDIUM","Name suggests video surveillance focus - confirm monitoring vs install-only","AI (unreviewed)","P1 - Sun Belt + Strong Signal","","Will (P1)"
"Security Engineers","CA","RVM_CAPABLE","MEDIUM","Generic security-related name - infrastructure fit likely but model unclear","AI (unreviewed)","P1 - Sun Belt + Strong Signal","","Will (P1)"
"Security of Los Angeles","CA","RVM_CAPABLE","MEDIUM","Generic security-related name - infrastructure fit likely but model unclear","AI (unreviewed)","P1 - Sun Belt + Strong Signal","","Will (P1)"
"Security Products","CA","RVM_CAPABLE","MEDIUM","Generic security-related name - infrastructure fit likely but model unclear","AI (unreviewed)","P1 - Sun Belt + Strong Signal","","Will (P1)"
"Community Commercial Security","CA","RVM_CAPABLE","MEDIUM","Generic security-related name - infrastructure fit likely but model unclear","AI (unreviewed)","P1 - Sun Belt + Strong Signal","","Will (P1)"
"Concept Security Access Video Electronic Solutions (CSAVES) dba Concept Security","CA","RVM_CAPABLE","MEDIUM","Generic security-related name - infrastructure fit likely but model unclear","AI (unreviewed)","P1 - Sun Belt + Strong Signal","","Will (P1)"
"Security Services Group","CA","RVM_CAPABLE","MEDIUM","Generic security-related name - infrastructure fit likely but model unclear","AI (unreviewed)","P1 - Sun Belt + Strong Signal","","Will (P1)"
"Security Concepts Group","NV","RVM_CAPABLE","MEDIUM","Generic security-related name - infrastructure fit likely but model unclear","AI (unreviewed)","P1 - Sun Belt + Strong Signal","","Will (P1)"
"GSG Protective Services","CA","RVM_CAPABLE","MEDIUM","Generic security-related name - infrastructure fit likely but model unclear","AI (unreviewed)","P1 - Sun Belt + Strong Signal","","Will (P1)"
"J7 Security Technology LLC","CO","RVM_CAPABLE","MEDIUM","Generic security-related name - infrastructure fit likely but model unclear","AI (unreviewed)","P1 - Sun Belt + Strong Signal","","Will (P1)"
"Protection Group USA","FL","RVM_CAPABLE","MEDIUM","Generic security-related name - infrastructure fit likely but model unclear","AI (unreviewed)","P1 - Sun Belt + Strong Signal","","Will (P1)"
"Cornwall Security Services","CA","RVM_CAPABLE","MEDIUM","Generic security-related name - infrastructure fit likely but model unclear","AI (unreviewed)","P1 - Sun Belt + Strong Signal","","Will (P1)"
"Haven's For Total Security","CA","RVM_CAPABLE","MEDIUM","Generic security-related name - infrastructure fit likely but model unclear","AI (unreviewed)","P1 - Sun Belt + Strong Signal","","Will (P1)"
"RLC Security","CA","RVM_CAPABLE","MEDIUM","Generic security-related name - infrastructure fit likely but model unclear","AI (unreviewed)","P1 - Sun Belt + Strong Signal","","Will (P1)"
"San Diego Security & Fire","CA","RVM_CAPABLE","MEDIUM","Generic security-related name - infrastructure fit likely but model unclear","AI (unreviewed)","P1 - Sun Belt + Strong Signal","","Will (P1)"
"P.A.C.E. Security","CA","RVM_CAPABLE","MEDIUM","Generic security-related name - infrastructure fit likely but model unclear","AI (unreviewed)","P1 - Sun Belt + Strong Signal","","Will (P1)"
"Orion Security Solutions LLC","OK","RVM_CAPABLE","MEDIUM","Generic security-related name - infrastructure fit likely but model unclear","AI (unreviewed)","P1 - Sun Belt + Strong Signal","","Will (P1)"
"Vet-Sec Protection Agency","AZ","RVM_CAPABLE","MEDIUM","Generic security-related name - infrastructure fit likely but model unclear","AI (unreviewed)","P1 - Sun Belt + Strong Signal","","Will (P1)"
"Eastern Security Incorporated","FL","RVM_CAPABLE","MEDIUM","Generic security-related name - infrastructure fit likely but model unclear","AI (unreviewed)","P1 - Sun Belt + Strong Signal","","Will (P1)"
"Custom Install Solutions","FL","RVM_CAPABLE","LOW","Generic tech/services name - business model unclear manual review needed","AI (unreviewed)","P2 - Sun Belt + Moderate Signal","3/1/2022","Will (P2)"
"Reach Communications","AL","NOT_FIT","LOW","Name provides insufficient signal - manual review needed","AI (unreviewed)","P2 - Sun Belt + Moderate Signal","9/15/2021","Will (P2)"
"Area Communications","FL","NOT_FIT","LOW","Name provides insufficient signal - manual review needed","AI (unreviewed)","P2 - Sun Belt + Moderate Signal","9/15/2021","Will (P2)"
"PakNet Technologies","SC","RVM_CAPABLE","LOW","Generic tech/services name - business model unclear manual review needed","AI (unreviewed)","P2 - Sun Belt + Moderate Signal","9/15/2021","Will (P2)"
"Dividia Technologies","TX","RVM_CAPABLE","LOW","Generic tech/services name - business model unclear manual review needed","AI (unreviewed)","P2 - Sun Belt + Moderate Signal","9/15/2021","Will (P2)"
"Sandpiper Technologies","CA","RVM_CAPABLE","LOW","Generic tech/services name - business model unclear manual review needed","AI (unreviewed)","P2 - Sun Belt + Moderate Signal","9/15/2021","Will (P2)"
"Foothill Communications","CA","NOT_FIT","LOW","Name provides insufficient signal - manual review needed","AI (unreviewed)","P2 - Sun Belt + Moderate Signal","9/15/2021","Will (P2)"
"Active Solutions","LA","RVM_CAPABLE","LOW","Generic tech/services name - business model unclear manual review needed","AI (unreviewed)","P2 - Sun Belt + Moderate Signal","9/15/2021","Will (P2)"
"GSC Systems","FL","RVM_CAPABLE","LOW","Generic tech/services name - business model unclear manual review needed","AI (unreviewed)","P2 - Sun Belt + Moderate Signal","9/15/2021","Will (P2)"
"Netgain Networks","CA","NOT_FIT","LOW","Name provides insufficient signal - manual review needed","AI (unreviewed)","P2 - Sun Belt + Moderate Signal","9/15/2021","Will (P2)"
"NetPlanner Systems","GA","RVM_CAPABLE","LOW","Generic tech/services name - business model unclear manual review needed","AI (unreviewed)","P2 - Sun Belt + Moderate Signal","9/15/2021","Will (P2)"
"AT&I Systems","FL","RVM_CAPABLE","LOW","Generic tech/services name - business model unclear manual review needed","AI (unreviewed)","P2 - Sun Belt + Moderate Signal","9/15/2021","Will (P2)"
"Kainos Technologies","TX","RVM_CAPABLE","LOW","Generic tech/services name - business model unclear manual review needed","AI (unreviewed)","P2 - Sun Belt + Moderate Signal","9/15/2021","Will (P2)"
"Metro Tech Solutions","TX","RVM_CAPABLE","LOW","Generic tech/services name - business model unclear manual review needed","AI (unreviewed)","P2 - Sun Belt + Moderate Signal","9/15/2021","Will (P2)"
"CES Team One Communications","FL","NOT_FIT","LOW","Name provides insufficient signal - manual review needed","AI (unreviewed)","P2 - Sun Belt + Moderate Signal","9/15/2021","Will (P2)"
"Wilson Electric Services","AZ","RVM_CAPABLE","LOW","Generic tech/services name - business model unclear manual review needed","AI (unreviewed)","P2 - Sun Belt + Moderate Signal","9/15/2021","Will (P2)"
"ViSTA Networking Solutions","CA","RVM_CAPABLE","LOW","Generic tech/services name - business model unclear manual review needed","AI (unreviewed)","P2 - Sun Belt + Moderate Signal","9/15/2021","Will (P2)"
"Unisight Digital Technologies","CO","RVM_CAPABLE","LOW","Generic tech/services name - business model unclear manual review needed","AI (unreviewed)","P2 - Sun Belt + Moderate Signal","9/15/2021","Will (P2)"
"Proscan Technologies Plus","TN","RVM_CAPABLE","LOW","Generic tech/services name - business model unclear manual review needed","AI (unreviewed)","P2 - Sun Belt + Moderate Signal","9/15/2021","Will (P2)"
"CWI Retail Systems","NC","RVM_CAPABLE","LOW","Generic tech/services name - business model unclear manual review needed","AI (unreviewed)","P2 - Sun Belt + Moderate Signal","8/26/2021","Will (P2)"
"BW Systems","CO","RVM_CAPABLE","LOW","Generic tech/services name - business model unclear manual review needed","AI (unreviewed)","P2 - Sun Belt + Moderate Signal","8/26/2021","Will (P2)"
"All Systems Designed Solutions","KS","RVM_CAPABLE","LOW","Generic tech/services name - business model unclear manual review needed","AI (unreviewed)","P2 - Sun Belt + Moderate Signal","7/29/2021","Will (P2)"
"Adroit Systems","SC","RVM_CAPABLE","LOW","Generic tech/services name - business model unclear manual review needed","AI (unreviewed)","P2 - Sun Belt + Moderate Signal","7/29/2021","Will (P2)"
"Your Business Solutions","TX","RVM_CAPABLE","LOW","Generic tech/services name - business model unclear manual review needed","AI (unreviewed)","P2 - Sun Belt + Moderate Signal","6/14/2021","Will (P2)"
"Enuresis Solutions","GA","RVM_CAPABLE","LOW","Generic tech/services name - business model unclear manual review needed","AI (unreviewed)","P2 - Sun Belt + Moderate Signal","10/9/2019","Will (P2)"
"EnTouch Systems","TX","RVM_CAPABLE","LOW","Generic tech/services name - business model unclear manual review needed","AI (unreviewed)","P2 - Sun Belt + Moderate Signal","6/11/2018","Will (P2)"
"Calidad Services","CA","RVM_CAPABLE","LOW","Generic tech/services name - business model unclear manual review needed","AI (unreviewed)","P2 - Sun Belt + Moderate Signal","","Will (P2)"
"AlarmTec Systems","AR","RVM_CAPABLE","LOW","Generic tech/services name - business model unclear manual review needed","AI (unreviewed)","P2 - Sun Belt + Moderate Signal","","Will (P2)"
"Calkins Electric","FL","NOT_FIT","LOW","Name provides insufficient signal - manual review needed","AI (unreviewed)","P2 - Sun Belt + Moderate Signal","","Will (P2)"
"Bancroft Construction Services","CA","RVM_CAPABLE","LOW","Generic tech/services name - business model unclear manual review needed","AI (unreviewed)","P2 - Sun Belt + Moderate Signal","","Will (P2)"
"SMART Technology Ventures Inc.","FL","RVM_CAPABLE","LOW","Generic tech/services name - business model unclear manual review needed","AI (unreviewed)","P2 - Sun Belt + Moderate Signal","","Will (P2)"
"Loocam Technology LLC","CA","RVM_CAPABLE","LOW","Generic tech/services name - business model unclear manual review needed","AI (unreviewed)","P2 - Sun Belt + Moderate Signal","","Will (P2)"
"Falcon Networks","CO","NOT_FIT","LOW","Name provides insufficient signal - manual review needed","AI (unreviewed)","P2 - Sun Belt + Moderate Signal","","Will (P2)"
"Fantastic Systems","TX","RVM_CAPABLE","LOW","Generic tech/services name - business model unclear manual review needed","AI (unreviewed)","P2 - Sun Belt + Moderate Signal","","Will (P2)"
"Custom Integrated Systems Corp.","TX","RVM_CAPABLE","LOW","Generic tech/services name - business model unclear manual review needed","AI (unreviewed)","P2 - Sun Belt + Moderate Signal","","Will (P2)"
"Innovative Technology","OK","RVM_CAPABLE","LOW","Generic tech/services name - business model unclear manual review needed","AI (unreviewed)","P2 - Sun Belt + Moderate Signal","","Will (P2)"
"Sophia Consulting and Integration","AL","NOT_FIT","LOW","Name provides insufficient signal - manual review needed","AI (unreviewed)","P2 - Sun Belt + Moderate Signal","","Will (P2)"
"EWC Technologies","UT","RVM_CAPABLE","LOW","Generic tech/services name - business model unclear manual review needed","AI (unreviewed)","P2 - Sun Belt + Moderate Signal","","Will (P2)"
"C&R Systems","CA","RVM_CAPABLE","LOW","Generic tech/services name - business model unclear manual review needed","AI (unreviewed)","P2 - Sun Belt + Moderate Signal","","Will (P2)"
"Baker Systems","CA","RVM_CAPABLE","LOW","Generic tech/services name - business model unclear manual review needed","AI (unreviewed)","P2 - Sun Belt + Moderate Signal","","Will (P2)"
"Radio Communications","UT","NOT_FIT","LOW","Name provides insufficient signal - manual review needed","AI (unreviewed)","P2 - Sun Belt + Moderate Signal","","Will (P2)"
"BMT TECHNOLOGIES INC.","CA","RVM_CAPABLE","LOW","Generic tech/services name - business model unclear manual review needed","AI (unreviewed)","P2 - Sun Belt + Moderate Signal","","Will (P2)"
"Inside Technologies","CA","RVM_CAPABLE","LOW","Generic tech/services name - business model unclear manual review needed","AI (unreviewed)","P2 - Sun Belt + Moderate Signal","","Will (P2)"
"Varitec Systems","CA","RVM_CAPABLE","LOW","Generic tech/services name - business model unclear manual review needed","AI (unreviewed)","P2 - Sun Belt + Moderate Signal","","Will (P2)"
"QOVO Solutions","CA","RVM_CAPABLE","LOW","Generic tech/services name - business model unclear manual review needed","AI (unreviewed)","P2 - Sun Belt + Moderate Signal","","Will (P2)"
"Keystone Management Systems","TN","RVM_CAPABLE","LOW","Generic tech/services name - business model unclear manual review needed","AI (unreviewed)","P2 - Sun Belt + Moderate Signal","","Will (P2)"
"Kepler Networks","CA","NOT_FIT","LOW","Name provides insufficient signal - manual review needed","AI (unreviewed)","P2 - Sun Belt + Moderate Signal","","Will (P2)"
"Brownstone Technology Solutions","CA","RVM_CAPABLE","LOW","Generic tech/services name - business model unclear manual review needed","AI (unreviewed)","P2 - Sun Belt + Moderate Signal","","Will (P2)"
"Gonzales Electric Gates","LA","NOT_FIT","LOW","Name provides insufficient signal - manual review needed","AI (unreviewed)","P2 - Sun Belt + Moderate Signal","","Will (P2)"
"Aclarity Systems","CA","RVM_CAPABLE","LOW","Generic tech/services name - business model unclear manual review needed","AI (unreviewed)","P2 - Sun Belt + Moderate Signal","","Will (P2)"
"Safelink Services Inc","CA","RVM_CAPABLE","LOW","Generic tech/services name - business model unclear manual review needed","AI (unreviewed)","P2 - Sun Belt + Moderate Signal","","Will (P2)"
"Techworks.","TX","RVM_CAPABLE","LOW","Generic tech/services name - business model unclear manual review needed","AI (unreviewed)","P2 - Sun Belt + Moderate Signal","","Will (P2)"
"Intermountain Systems","CO","RVM_CAPABLE","LOW","Generic tech/services name - business model unclear manual review needed","AI (unreviewed)","P2 - Sun Belt + Moderate Signal","","Will (P2)"
"Tech Electronics Co. dba Commercial Electronic Systems","CO","RVM_CAPABLE","LOW","Generic tech/services name - business model unclear manual review needed","AI (unreviewed)","P2 - Sun Belt + Moderate Signal","","Will (P2)"
"Advanced Cable Solutions","CA","RVM_CAPABLE","LOW","Generic tech/services name - business model unclear manual review needed","AI (unreviewed)","P2 - Sun Belt + Moderate Signal","","Will (P2)"
"SiteHawk AI Services","CA","RVM_CAPABLE","LOW","Generic tech/services name - business model unclear manual review needed","AI (unreviewed)","P2 - Sun Belt + Moderate Signal","","Will (P2)"
"H and L Electric","CA","NOT_FIT","LOW","Name provides insufficient signal - manual review needed","AI (unreviewed)","P2 - Sun Belt + Moderate Signal","","Will (P2)"
"McCord Communications","AL","NOT_FIT","LOW","Name provides insufficient signal - manual review needed","AI (unreviewed)","P2 - Sun Belt + Moderate Signal","","Will (P2)"
"Hi-Tech Unlimited","CA","RVM_CAPABLE","LOW","Generic tech/services name - business model unclear manual review needed","AI (unreviewed)","P2 - Sun Belt + Moderate Signal","","Will (P2)"
"MetroSwitch Technologies","CA","RVM_CAPABLE","LOW","Generic tech/services name - business model unclear manual review needed","AI (unreviewed)","P2 - Sun Belt + Moderate Signal","","Will (P2)"
"Sierra Detention Systems","CO","RVM_CAPABLE","LOW","Generic tech/services name - business model unclear manual review needed","AI (unreviewed)","P2 - Sun Belt + Moderate Signal","","Will (P2)"
"Alltec Services","CO","RVM_CAPABLE","LOW","Generic tech/services name - business model unclear manual review needed","AI (unreviewed)","P2 - Sun Belt + Moderate Signal","","Will (P2)"
"Koam Engineering Systems","CA","RVM_CAPABLE","LOW","Generic tech/services name - business model unclear manual review needed","AI (unreviewed)","P2 - Sun Belt + Moderate Signal","","Will (P2)"
"Fridell Technical Solutions","CA","RVM_CAPABLE","LOW","Generic tech/services name - business model unclear manual review needed","AI (unreviewed)","P2 - Sun Belt + Moderate Signal","","Will (P2)"
"Tech-Time Communications","CA","RVM_CAPABLE","LOW","Generic tech/services name - business model unclear manual review needed","AI (unreviewed)","P2 - Sun Belt + Moderate Signal","","Will (P2)"
"TED Systems","KS","RVM_CAPABLE","LOW","Generic tech/services name - business model unclear manual review needed","AI (unreviewed)","P2 - Sun Belt + Moderate Signal","","Will (P2)"
"ProTEK Integration","CA","NOT_FIT","LOW","Name provides insufficient signal - manual review needed","AI (unreviewed)","P2 - Sun Belt + Moderate Signal","","Will (P2)"
"SecureSite Technologies Group","CA","RVM_CAPABLE","MEDIUM","Generic security-related name - infrastructure fit likely but model unclear","AI (unreviewed)","P2 - Sun Belt + Moderate Signal","","Will (P2)"
"United Electric","FL","NOT_FIT","LOW","Name provides insufficient signal - manual review needed","AI (unreviewed)","P2 - Sun Belt + Moderate Signal","","Will (P2)"
"TeraPixels Systems","CA","RVM_CAPABLE","LOW","Generic tech/services name - business model unclear manual review needed","AI (unreviewed)","P2 - Sun Belt + Moderate Signal","","Will (P2)"
"Associated Systems of Georgia","GA","RVM_CAPABLE","LOW","Generic tech/services name - business model unclear manual review needed","AI (unreviewed)","P2 - Sun Belt + Moderate Signal","","Will (P2)"
"Smart Shield Systems","CA","RVM_CAPABLE","LOW","Generic tech/services name - business model unclear manual review needed","AI (unreviewed)","P2 - Sun Belt + Moderate Signal","","Will (P2)"
"Sierra Building Systems","CA","RVM_CAPABLE","LOW","Generic tech/services name - business model unclear manual review needed","AI (unreviewed)","P2 - Sun Belt + Moderate Signal","","Will (P2)"
"TJ Technologies","CA","RVM_CAPABLE","LOW","Generic tech/services name - business model unclear manual review needed","AI (unreviewed)","P2 - Sun Belt + Moderate Signal","","Will (P2)"
"Water Vision Technology","CA","RVM_CAPABLE","LOW","Generic tech/services name - business model unclear manual review needed","AI (unreviewed)","P2 - Sun Belt + Moderate Signal","","Will (P2)"
"Cable-Com Solutions","CA","RVM_CAPABLE","LOW","Generic tech/services name - business model unclear manual review needed","AI (unreviewed)","P2 - Sun Belt + Moderate Signal","","Will (P2)"
"MDE Electric Co.","CA","NOT_FIT","LOW","Name provides insufficient signal - manual review needed","AI (unreviewed)","P2 - Sun Belt + Moderate Signal","","Will (P2)"
"Electrician On Call","TX","NOT_FIT","LOW","Name provides insufficient signal - manual review needed","AI (unreviewed)","P2 - Sun Belt + Moderate Signal","","Will (P2)"
"L.A. Electricom","CA","NOT_FIT","LOW","Name provides insufficient signal - manual review needed","AI (unreviewed)","P2 - Sun Belt + Moderate Signal","","Will (P2)"
"Trim Tech Incorporated","CA","RVM_CAPABLE","LOW","Generic tech/services name - business model unclear manual review needed","AI (unreviewed)","P2 - Sun Belt + Moderate Signal","","Will (P2)"
"Total Communications Systems and Solutions","NC","RVM_CAPABLE","LOW","Generic tech/services name - business model unclear manual review needed","AI (unreviewed)","P2 - Sun Belt + Moderate Signal","","Will (P2)"
"eLine Technology","CO","RVM_CAPABLE","LOW","Generic tech/services name - business model unclear manual review needed","AI (unreviewed)","P2 - Sun Belt + Moderate Signal","","Will (P2)"
"Hudson High-Tech Systems","CO","RVM_CAPABLE","LOW","Generic tech/services name - business model unclear manual review needed","AI (unreviewed)","P2 - Sun Belt + Moderate Signal","","Will (P2)"
"Barton Integration","CA","NOT_FIT","LOW","Name provides insufficient signal - manual review needed","AI (unreviewed)","P2 - Sun Belt + Moderate Signal","","Will (P2)"
"South Bay Communications","CA","NOT_FIT","LOW","Name provides insufficient signal - manual review needed","AI (unreviewed)","P2 - Sun Belt + Moderate Signal","","Will (P2)"
"SMPL Solutions","CA","RVM_CAPABLE","LOW","Generic tech/services name - business model unclear manual review needed","AI (unreviewed)","P2 - Sun Belt + Moderate Signal","","Will (P2)"
"Telesonic Voice and Data Solutions","CA","RVM_CAPABLE","LOW","Generic tech/services name - business model unclear manual review needed","AI (unreviewed)","P2 - Sun Belt + Moderate Signal","","Will (P2)"
"Coastal Systems","LA","RVM_CAPABLE","LOW","Generic tech/services name - business model unclear manual review needed","AI (unreviewed)","P2 - Sun Belt + Moderate Signal","","Will (P2)"
"ILDVR Digital Technology USA","FL","RVM_CAPABLE","LOW","Generic tech/services name - business model unclear manual review needed","AI (unreviewed)","P2 - Sun Belt + Moderate Signal","","Will (P2)"
"Pro Traffic Services","CA","RVM_CAPABLE","LOW","Generic tech/services name - business model unclear manual review needed","AI (unreviewed)","P2 - Sun Belt + Moderate Signal","","Will (P2)"
"M. R. Solutions","CO","RVM_CAPABLE","LOW","Generic tech/services name - business model unclear manual review needed","AI (unreviewed)","P2 - Sun Belt + Moderate Signal","","Will (P2)"
"Matrix Network","TX","NOT_FIT","LOW","Name provides insufficient signal - manual review needed","AI (unreviewed)","P2 - Sun Belt + Moderate Signal","","Will (P2)"
"iS3 Tech Services","GA","RVM_CAPABLE","LOW","Generic tech/services name - business model unclear manual review needed","AI (unreviewed)","P2 - Sun Belt + Moderate Signal","","Will (P2)"
"Hook Up Communications","FL","NOT_FIT","LOW","Name provides insufficient signal - manual review needed","AI (unreviewed)","P2 - Sun Belt + Moderate Signal","","Will (P2)"
"Comtech Communications Systems","NV","RVM_CAPABLE","LOW","Generic tech/services name - business model unclear manual review needed","AI (unreviewed)","P2 - Sun Belt + Moderate Signal","","Will (P2)"
"IVA Solutions","CA","RVM_CAPABLE","LOW","Generic tech/services name - business model unclear manual review needed","AI (unreviewed)","P2 - Sun Belt + Moderate Signal","","Will (P2)"
"Pathway Technologies Inc","NC","RVM_CAPABLE","LOW","Generic tech/services name - business model unclear manual review needed","AI (unreviewed)","P2 - Sun Belt + Moderate Signal","","Will (P2)"
"Guardian Integrators - Gulf Coast","AL","NOT_FIT","LOW","Name provides insufficient signal - manual review needed","AI (unreviewed)","P2 - Sun Belt + Moderate Signal","","Will (P2)"
"Systems Specialist","CA","RVM_CAPABLE","LOW","Generic tech/services name - business model unclear manual review needed","AI (unreviewed)","P2 - Sun Belt + Moderate Signal","","Will (P2)"
"Power Home Technologies","NC","RVM_CAPABLE","LOW","Generic tech/services name - business model unclear manual review needed","AI (unreviewed)","P2 - Sun Belt + Moderate Signal","","Will (P2)"
"Global Sector Services Inc","MS","RVM_CAPABLE","LOW","Generic tech/services name - business model unclear manual review needed","AI (unreviewed)","P2 - Sun Belt + Moderate Signal","","Will (P2)"
